url,date,publication,local_date
https://www.forbes.com/sites/michaelharley/2026/01/25/ford-ceo-hints-at-future-v8-powered-f-150-raptor-r-hybrid/,2026-01-26 04:56:50+00:00,forbes,2026-01-25 23:56:50-05:00
https://www.forbes.com/sites/susanlamotte/2026/01/25/in-an-ai-forward-world-experience-is-all-we-have-left/,2026-01-26 04:48:55+00:00,forbes,2026-01-25 23:48:55-05:00
https://www.wsj.com/finance/commodities-futures/gold-surges-above-5-000-on-shutdown-fears-geopolitical-tensions-8579b184,2026-01-26 04:48:00+00:00,wsj,2026-01-25 23:48:00-05:00
https://www.bloomberg.com/news/articles/2026-01-26/korea-s-small-caps-have-their-best-day-versus-kospi-since-2000,2026-01-26 04:45:18.407000+00:00,bloomberg,2026-01-25 23:45:18.407000-05:00
https://www.bloomberg.com/news/articles/2026-01-26/softbank-hits-the-brakes-on-talks-to-buy-data-center-firm-switch,2026-01-26 04:39:47.806000+00:00,bloomberg,2026-01-25 23:39:47.806000-05:00
https://www.nytimes.com/2026/01/25/world/americas/toronto-snow-winter-storm.html,2026-01-26 04:37:17+00:00,nytimes,2026-01-25 23:37:17-05:00
https://www.nytimes.com/athletic/6998352/2026/01/25/blackhawks-bedard-consistency-levshunov-panthers/,2026-01-26 04:34:40+00:00,nytimes,2026-01-25 23:34:40-05:00
https://www.nytimes.com/athletic/6998302/2026/01/25/scottie-barnes-raptors-defensive-play-chet-holmgren-dpoy-contender/,2026-01-26 04:34:12+00:00,nytimes,2026-01-25 23:34:12-05:00
https://www.bloomberg.com/opinion/newsletters/2026-01-26/why-markets-aren-t-caught-in-the-us-blizzard,2026-01-26 04:33:55.130000+00:00,bloomberg,2026-01-25 23:33:55.130000-05:00
https://www.bloomberg.com/opinion/articles/2026-01-26/is-it-game-over-for-france-s-ubisoft,2026-01-26 04:30:31.011000+00:00,bloomberg,2026-01-25 23:30:31.011000-05:00
https://www.nytimes.com/2026/01/25/us/snow-totals.html,2026-01-26 04:13:54+00:00,nytimes,2026-01-25 23:13:54-05:00
https://www.forbes.com/sites/rahathuq/2026/01/25/rockets-push-forward-without-steven-adams/,2026-01-26 04:06:19+00:00,forbes,2026-01-25 23:06:19-05:00
https://www.nytimes.com/athletic/6998266/2026/01/25/mike-vrabel-patriots-broncos-afc-championship-game/,2026-01-26 04:03:31+00:00,nytimes,2026-01-25 23:03:31-05:00
https://www.wsj.com/world/middle-east/iran-is-selling-more-oil-but-making-less-money-841985ea,2026-01-26 04:03:00+00:00,wsj,2026-01-25 23:03:00-05:00
https://www.wsj.com/world/here-in-one-kyiv-apartment-building-they-are-freezingbut-not-giving-up-a66d812f,2026-01-26 04:01:00+00:00,wsj,2026-01-25 23:01:00-05:00
https://www.bloomberg.com/opinion/articles/2026-01-26/want-a-bargain-used-rolex-better-act-fast,2026-01-26 04:00:32.571000+00:00,bloomberg,2026-01-25 23:00:32.571000-05:00
https://www.bloomberg.com/news/articles/2026-01-26/test-please-ignore,2026-01-26 04:00:30.965000+00:00,bloomberg,2026-01-25 23:00:30.965000-05:00
https://www.forbes.com/sites/janakirammsv/2026/01/25/10-signals-from-cncf-2025-report-that-cloud-native-has-entered-its-next-era/,2026-01-26 03:55:27+00:00,forbes,2026-01-25 22:55:27-05:00
https://www.wsj.com/sports/football/patriots-seahawks-super-bowl-33531ba7,2026-01-26 03:46:00+00:00,wsj,2026-01-25 22:46:00-05:00
https://www.wsj.com/business/chinese-beverage-giant-seeks-to-raise-up-to-1-3-billion-in-hong-kong-listing-144fcb40,2026-01-26 03:45:00+00:00,wsj,2026-01-25 22:45:00-05:00
https://www.bloomberg.com/news/articles/2026-01-26/china-to-open-up-nickel-and-lithium-futures-to-foreign-investors,2026-01-26 03:43:04.938000+00:00,bloomberg,2026-01-25 22:43:04.938000-05:00
https://www.forbes.com/sites/rahathuq/2026/01/25/rockets-with-big-road-victory-over-pistons/,2026-01-26 03:37:21+00:00,forbes,2026-01-25 22:37:21-05:00
https://www.wsj.com/us-news/minneapolis-pretti-trump-immigration-protests-068b69d4,2026-01-26 03:36:00+00:00,wsj,2026-01-25 22:36:00-05:00
https://www.nytimes.com/2026/01/25/arts/television/knight-of-the-seven-kingdoms-recap-season-1-episode-2.html,2026-01-26 03:35:05+00:00,nytimes,2026-01-25 22:35:05-05:00
https://www.bloomberg.com/news/articles/2026-01-26/nidec-said-to-prepare-recovery-plan-following-accounting-scandal,2026-01-26 03:35:01+00:00,bloomberg,2026-01-25 22:35:01-05:00
https://www.wsj.com/business/media/disneys-surprise-box-office-champion-is-zootopia-2-thanks-to-china-7ff235cb,2026-01-26 03:35:00+00:00,wsj,2026-01-25 22:35:00-05:00
https://www.wsj.com/health/pharma/merck-no-longer-in-talks-to-buy-revolution-medicines-b8d5e5eb,2026-01-26 03:35:00+00:00,wsj,2026-01-25 22:35:00-05:00
https://www.nytimes.com/athletic/6998260/2026/01/25/noter-dame-mike-mickens-baltimore-ravens/,2026-01-26 03:33:55+00:00,nytimes,2026-01-25 22:33:55-05:00
https://www.nytimes.com/athletic/6998109/2026/01/25/rams-seahawks-score-result-takeaways-nfc-championship-game/,2026-01-26 03:19:09+00:00,nytimes,2026-01-25 22:19:09-05:00
https://www.bloomberg.com/news/articles/2026-01-26/morgan-stanley-looks-to-expand-in-asia-as-markets-deregulate,2026-01-26 03:15:38.348000+00:00,bloomberg,2026-01-25 22:15:38.348000-05:00
https://www.nytimes.com/athletic/6998231/2026/01/25/super-bowl-60-odds-seahawks-patriots/,2026-01-26 03:12:43+00:00,nytimes,2026-01-25 22:12:43-05:00
https://www.nytimes.com/athletic/6998165/2026/01/25/broncos-grapple-with-what-ifs-after-super-bowl-chases-abrupt-end-in-afc-title-game/,2026-01-26 03:08:10+00:00,nytimes,2026-01-25 22:08:10-05:00
https://www.nytimes.com/athletic/6998080/2026/01/25/updated-2026-nfl-draft-order-top-30-rams/,2026-01-26 03:05:26+00:00,nytimes,2026-01-25 22:05:26-05:00
https://www.nytimes.com/2026/01/25/world/asia/philippines-ferry-sinks-basilan.html,2026-01-26 03:04:28+00:00,nytimes,2026-01-25 22:04:28-05:00
https://www.wsj.com/livecoverage/minneapolis-shooting-alex-pretti/card/ohio-gop-senator-joins-calls-for-investigation-of-pretti-shooting-HAbcYhFekoI9LzQ2W7Oe,2026-01-26 03:04:19+00:00,wsj,2026-01-25 22:04:19-05:00
https://www.bloomberg.com/news/articles/2026-01-26/australia-faces-record-high-temperatures-raising-fire-risks,2026-01-26 03:03:31.081000+00:00,bloomberg,2026-01-25 22:03:31.081000-05:00
https://www.bloomberg.com/news/articles/2026-01-26/-industry-season-4-episode-3-recap-harper-brings-back-an-old-ally,2026-01-26 03:00:30.936000+00:00,bloomberg,2026-01-25 22:00:30.936000-05:00
https://www.forbes.com/sites/traversmark/2026/01/25/5-ways-to-build-self-worth-without-reassurance-by-a-psychologist/,2026-01-26 03:00:16+00:00,forbes,2026-01-25 22:00:16-05:00
https://www.bloomberg.com/news/articles/2026-01-26/mining-stocks-in-asia-gain-as-hard-asset-trade-gathers-pace,2026-01-26 02:59:34.682000+00:00,bloomberg,2026-01-25 21:59:34.682000-05:00
https://www.nytimes.com/athletic/6997977/2026/01/25/super-bowl-2026-preview-odds-patriots-seahawks-analysis/,2026-01-26 02:52:57+00:00,nytimes,2026-01-25 21:52:57-05:00
https://www.nytimes.com/athletic/6997991/2026/01/25/super-bowl-patriots-seahawks-bad-bunny-pro-bowl/,2026-01-26 02:52:56+00:00,nytimes,2026-01-25 21:52:56-05:00
https://www.nytimes.com/2026/01/25/us/bangor-maine-airport-crash.html,2026-01-26 02:52:05+00:00,nytimes,2026-01-25 21:52:05-05:00
https://www.nytimes.com/athletic/6998173/2026/01/25/seahawks-woolen-penalty-puka-nacua-td-rams/,2026-01-26 02:51:00+00:00,nytimes,2026-01-25 21:51:00-05:00
https://www.forbes.com/sites/julianhayesii/2026/01/25/davos-2026-clarified-why-resilience-is-central-to-effective-leadership/,2026-01-26 02:45:29+00:00,forbes,2026-01-25 21:45:29-05:00
https://www.wsj.com/us-news/education/columbia-president-jennifer-mnookin-wisconsin-madison-6e38c62d,2026-01-26 02:40:00+00:00,wsj,2026-01-25 21:40:00-05:00
https://www.bloomberg.com/news/articles/2026-01-26/bitcoin-starts-week-on-shaky-ground-amid-geopolitical-jitters,2026-01-26 02:39:38.317000+00:00,bloomberg,2026-01-25 21:39:38.317000-05:00
https://www.wsj.com/finance/jgbs-rise-as-yens-appreciation-eases-boj-rate-increase-concerns-0608bd3c,2026-01-26 02:39:00+00:00,wsj,2026-01-25 21:39:00-05:00
https://www.wsj.com/finance/investing/wall-street-has-fallen-out-of-love-with-software-stocks-b050b457,2026-01-26 02:34:00+00:00,wsj,2026-01-25 21:34:00-05:00
https://www.bloomberg.com/news/articles/2026-01-26/modern-dental-surges-to-more-than-four-year-high-on-hillhouse-deal,2026-01-26 02:31:38.350000+00:00,bloomberg,2026-01-25 21:31:38.350000-05:00
https://www.forbes.com/sites/timlammers/2026/01/25/free-solo-where-to-stream-alex-honnolds-oscar-winning-documentary/,2026-01-26 02:31:09+00:00,forbes,2026-01-25 21:31:09-05:00
https://www.forbes.com/sites/saibala/2026/01/25/studies-are-increasingly-finding-high-blood-sugar-may-be-associated-with-dementia/,2026-01-26 02:30:00+00:00,forbes,2026-01-25 21:30:00-05:00
https://www.nytimes.com/2026/01/25/nyregion/mamdani-snowstorm-performance-new-york.html,2026-01-26 02:27:12+00:00,nytimes,2026-01-25 21:27:12-05:00
https://www.forbes.com/sites/andyjsemotiuk/2026/01/25/is-immigration-enforcement--becoming-a-political-liability-for-trump/,2026-01-26 02:20:24+00:00,forbes,2026-01-25 21:20:24-05:00
https://www.wsj.com/economy/global/the-world-economy-is-hooked-on-government-debt-71491482,2026-01-26 02:18:00+00:00,wsj,2026-01-25 21:18:00-05:00
https://www.wsj.com/finance/japan-government-bond-yields-stocks-fall-after-yens-rebound-8c6a1914,2026-01-26 02:16:00+00:00,wsj,2026-01-25 21:16:00-05:00
https://www.bloomberg.com/news/articles/2026-01-26/singapore-dollar-hits-highest-in-over-11-years-versus-greenback,2026-01-26 02:14:29.873000+00:00,bloomberg,2026-01-25 21:14:29.873000-05:00
https://www.nytimes.com/athletic/6998147/2026/01/25/tennis-australian-open-madison-keys-jessica-pegula-result-analysis/,2026-01-26 02:13:19+00:00,nytimes,2026-01-25 21:13:19-05:00
https://www.forbes.com/sites/emmakershaw/2026/01/25/brooklyn-museums-latest-exhibition-blends-art-fashion-and-science/,2026-01-26 02:13:07+00:00,forbes,2026-01-25 21:13:07-05:00
https://www.nytimes.com/athletic/6998133/2026/01/25/patriots-stay-overnight-denver-weather/,2026-01-26 02:10:10+00:00,nytimes,2026-01-25 21:10:10-05:00
https://www.bloomberg.com/news/articles/2026-01-26/copper-extends-rally-as-dollar-weakness-carries-metals-higher,2026-01-26 02:08:05.519000+00:00,bloomberg,2026-01-25 21:08:05.519000-05:00
https://www.nytimes.com/athletic/6998160/2026/01/25/submit-a-question-for-stewart-mandels-college-football-mailbag-332/,2026-01-26 02:06:28+00:00,nytimes,2026-01-25 21:06:28-05:00
https://www.wsj.com/livecoverage/minneapolis-shooting-alex-pretti/card/exclusive-trump-says-administration-is-reviewing-everything-about-minneapolis-shooting-QGiQ9YBgO7vFixwRkNSd,2026-01-26 02:03:46+00:00,wsj,2026-01-25 21:03:46-05:00
https://www.wsj.com/livecoverage/minneapolis-shooting-alex-pretti/card/mourners-gather-at-a-vigil-in-alex-pretti-s-neighborhood-7ckuzoP4PB2Xe34ntznn,2026-01-26 02:02:35+00:00,wsj,2026-01-25 21:02:35-05:00
https://www.bloomberg.com/news/articles/2026-01-26/south-korean-won-rises-em-fx-at-record-high-as-dollar-falls,2026-01-26 01:54:38.835000+00:00,bloomberg,2026-01-25 20:54:38.835000-05:00
https://www.nytimes.com/2026/01/25/us/politics/trump-blames-democrats-minneapolis-killings.html,2026-01-26 01:49:25+00:00,nytimes,2026-01-25 20:49:25-05:00
https://www.bloomberg.com/news/articles/2026-01-26/samsung-nears-nvidia-s-approval-for-key-hbm4-ai-memory-chips,2026-01-26 01:48:30.256000+00:00,bloomberg,2026-01-25 20:48:30.256000-05:00
https://www.nytimes.com/2026/01/25/us/alex-pretti-minneapolis-shooting.html,2026-01-26 01:38:58+00:00,nytimes,2026-01-25 20:38:58-05:00
https://www.wsj.com/economy/central-banking/how-trumps-ally-at-the-fed-is-remaking-bank-oversight-b1f0fab3,2026-01-26 01:14:00+00:00,wsj,2026-01-25 20:14:00-05:00
https://www.forbes.com/sites/brucemartin/2026/01/25/indianapolis-500-relishes-return-of-the-oscar-mayer-wienie-500-in-2026/,2026-01-26 01:12:57+00:00,forbes,2026-01-25 20:12:57-05:00
https://www.nytimes.com/athletic/6998059/2026/01/25/william-nylander-middle-finger-maple-leafs/,2026-01-26 01:11:07+00:00,nytimes,2026-01-25 20:11:07-05:00
https://www.nytimes.com/2026/01/25/us/politics/minneapolis-killing-trump-defiant-response.html,2026-01-26 01:00:24+00:00,nytimes,2026-01-25 20:00:24-05:00
https://www.nytimes.com/2026/01/25/us/trump-administration-minneapolis-shooting-response.html,2026-01-26 00:59:20+00:00,nytimes,2026-01-25 19:59:20-05:00
https://www.forbes.com/sites/lewisnunn/2026/01/25/an-insiders-guide-to-stock-exchange-hotel-manchester/,2026-01-26 00:50:28+00:00,forbes,2026-01-25 19:50:28-05:00
https://www.nytimes.com/2026/01/25/us/minnesota-shooting-false-posts.html,2026-01-26 00:48:15+00:00,nytimes,2026-01-25 19:48:15-05:00
https://www.wsj.com/livecoverage/minneapolis-shooting-alex-pretti/card/two-republican-senators-call-for-joint-federal-and-state-investigation-BGJWpiYaJ4J2BleESTFr,2026-01-26 00:44:02+00:00,wsj,2026-01-25 19:44:02-05:00
https://www.wsj.com/us-news/videos-contradict-u-s-account-of-minneapolis-shooting-by-federal-agents-fbe1e488,2026-01-26 00:34:00+00:00,wsj,2026-01-25 19:34:00-05:00
https://www.nytimes.com/athletic/6998020/2026/01/25/scottie-scheffler-wins-amex-history/,2026-01-26 00:31:10+00:00,nytimes,2026-01-25 19:31:10-05:00
https://www.forbes.com/sites/erikkain/2026/01/25/nyt-wordle-monday/,2026-01-26 00:30:37+00:00,forbes,2026-01-25 19:30:37-05:00
https://www.bloomberg.com/news/articles/2026-01-26/japan-s-mimura-says-staying-in-close-contact-with-us-on-forex-mkufjr1f,2026-01-26 00:29:17.306000+00:00,bloomberg,2026-01-25 19:29:17.306000-05:00
https://www.wsj.com/livecoverage/minneapolis-shooting-alex-pretti/card/trump-s-sanctuary-city-attacks-face-legal-headwinds-qmGShSZt0oyL609xfmJ6,2026-01-26 00:26:12+00:00,wsj,2026-01-25 19:26:12-05:00
https://www.businessinsider.com/photos-winter-storm-fern-us-snow-ice-2026-1,2026-01-26 00:24:31.471000+00:00,insider,2026-01-25 19:24:31.471000-05:00
https://www.forbes.com/sites/dannybrewer/2026/01/25/nysos-readies-for-run-in-saudi-cup-on-february-14/,2026-01-26 00:19:26+00:00,forbes,2026-01-25 19:19:26-05:00
https://www.nytimes.com/2026/01/25/nyregion/snow-storm-new-york.html,2026-01-26 00:18:45+00:00,nytimes,2026-01-25 19:18:45-05:00
https://www.businessinsider.com/moved-to-thailand-recover-from-burnout-loneliness-busy-bangkok-phuket-2026-1,2026-01-26 00:14:01.223000+00:00,insider,2026-01-25 19:14:01.223000-05:00
https://www.bloomberg.com/news/articles/2026-01-26/dollar-pressure-mounts-as-reasons-for-further-weakness-multiply,2026-01-26 00:13:15.908000+00:00,bloomberg,2026-01-25 19:13:15.908000-05:00
https://www.bloomberg.com/news/articles/2026-01-26/china-s-eastroc-beverage-seeks-up-to-1-3-billion-from-hong-kong-listing,2026-01-26 00:12:16.035000+00:00,bloomberg,2026-01-25 19:12:16.035000-05:00
https://www.bloomberg.com/news/articles/2026-01-26/myr-usd-malaysia-ringgit-poised-for-highest-level-since-2018-on-ai-optimism,2026-01-26 00:10:14.998000+00:00,bloomberg,2026-01-25 19:10:14.998000-05:00
https://www.wsj.com/opinion/new-york-city-robs-kids-of-a-snow-day-e1673000,2026-01-26 00:10:00+00:00,wsj,2026-01-25 19:10:00-05:00
https://www.wsj.com/opinion/ro-and-our-new-health-sherpas-d6af54a2,2026-01-26 00:08:00+00:00,wsj,2026-01-25 19:08:00-05:00
https://www.bloomberg.com/news/articles/2026-01-26/shutdown-risk-rises-as-gop-dismisses-threat-to-block-dhs-funds,2026-01-26 00:05:10.242000+00:00,bloomberg,2026-01-25 19:05:10.242000-05:00
https://www.wsj.com/opinion/the-trump-administration-reclaims-washingtons-home-577fa90c,2026-01-26 00:03:00+00:00,wsj,2026-01-25 19:03:00-05:00
https://www.bloomberg.com/news/articles/2026-01-26/london-s-living-standards-rise-twice-as-quickly-as-whole-of-uk,2026-01-26 00:01:00+00:00,bloomberg,2026-01-25 19:01:00-05:00
https://www.forbes.com/sites/yjeanmundelsalle/2026/01/25/mathieu-lehanneur-on-turning-science-into-emotional-design/,2026-01-26 00:00:56+00:00,forbes,2026-01-25 19:00:56-05:00
https://www.bloomberg.com/news/articles/2026-01-26/how-underwater-drones-help-map-blue-carbon-projects-from-japan-to-indonesia,2026-01-26 00:00:30.975000+00:00,bloomberg,2026-01-25 19:00:30.975000-05:00
https://www.forbes.com/sites/erikkain/2026/01/25/nyt-pips-monday/,2026-01-26 00:00:13+00:00,forbes,2026-01-25 19:00:13-05:00
https://www.forbes.com/sites/digital-assets/2026/01/25/cant-own-spacex-or-openai-tokenization-could-be-the-next-best-thing/,2026-01-26 00:00:00+00:00,forbes,2026-01-25 19:00:00-05:00
https://www.wsj.com/finance/commodities-futures/oil-falls-on-possible-technical-correction-c8db7da1,2026-01-26 00:00:00+00:00,wsj,2026-01-25 19:00:00-05:00
https://www.nytimes.com/athletic/6997720/2026/01/25/alan-page-ice-protests-minneapolis-social-media/,2026-01-25 23:59:03+00:00,nytimes,2026-01-25 18:59:03-05:00
https://www.wsj.com/opinion/is-a-four-year-degree-worth-it-6af09e3b,2026-01-25 23:59:00+00:00,wsj,2026-01-25 18:59:00-05:00
https://www.wsj.com/livecoverage/minneapolis-shooting-alex-pretti/card/trump-calls-for-cooperation-with-immigration-enforcement-ccmoEaFvxWJ5T9XlJXIQ,2026-01-25 23:57:38+00:00,wsj,2026-01-25 18:57:38-05:00
https://www.wsj.com/opinion/california-wealth-tax-backers-ignore-proposition-13-lessons-e4e6d368,2026-01-25 23:57:00+00:00,wsj,2026-01-25 18:57:00-05:00
https://www.wsj.com/opinion/france-budget-national-rally-marine-le-pen-sebastien-lecornu-b04ba3a6,2026-01-25 23:54:00+00:00,wsj,2026-01-25 18:54:00-05:00
https://www.wsj.com/livecoverage/minneapolis-shooting-alex-pretti/card/sen-graham-proposes-bill-ending-sanctuary-cities-GARbkK0QRNjCJrzXEdK2,2026-01-25 23:53:50+00:00,wsj,2026-01-25 18:53:50-05:00
https://www.wsj.com/opinion/thank-heaven-for-coal-power-in-the-cold-dc3b9a33,2026-01-25 23:53:00+00:00,wsj,2026-01-25 18:53:00-05:00
https://www.wsj.com/opinion/time-for-ice-to-pause-in-minneapolis-e9ecf097,2026-01-25 23:51:00+00:00,wsj,2026-01-25 18:51:00-05:00
https://www.forbes.com/sites/brennanbarnard/2026/01/25/the-question-every-college-applicant-should-ask/,2026-01-25 23:49:55+00:00,forbes,2026-01-25 18:49:55-05:00
https://www.forbes.com/sites/ewanspence/2026/01/25/samsung-galaxy-s26-ultra-release-date-pixel-10a-iphone-17e/,2026-01-25 23:48:32+00:00,forbes,2026-01-25 18:48:32-05:00
https://www.nytimes.com/2026/01/25/briefing/on-being-inconvenienced.html,2026-01-25 23:41:24+00:00,nytimes,2026-01-25 18:41:24-05:00
https://www.nytimes.com/athletic/6997918/2026/01/25/trump-skipping-super-bowl-halftime-bad-bunny-green-day/,2026-01-25 23:39:55+00:00,nytimes,2026-01-25 18:39:55-05:00
https://www.nytimes.com/athletic/6997878/2026/01/25/chris-finch-steve-kerr-unrest-minnesota/,2026-01-25 23:34:02+00:00,nytimes,2026-01-25 18:34:02-05:00
https://www.nytimes.com/2026/01/25/obituaries/george-cabot-lodge-dead.html,2026-01-25 23:31:21+00:00,nytimes,2026-01-25 18:31:21-05:00
https://www.nytimes.com/athletic/6995843/2026/01/25/wienie-500-indianapolis-motor-speedway-returns/,2026-01-25 23:30:16+00:00,nytimes,2026-01-25 18:30:16-05:00
https://www.forbes.com/sites/erikkain/2026/01/25/nyt-strands-monday/,2026-01-25 23:30:11+00:00,forbes,2026-01-25 18:30:11-05:00
https://www.bloomberg.com/news/newsletters/2026-01-25/the-warner-bros-bidding-war-is-over,2026-01-25 23:30:01.385000+00:00,bloomberg,2026-01-25 18:30:01.385000-05:00
https://www.forbes.com/sites/monicamercuri/2026/01/25/when-is-super-bowl-2026-heres-the-location-time-performers-and-more/,2026-01-25 23:24:49+00:00,forbes,2026-01-25 18:24:49-05:00
https://www.nytimes.com/athletic/6997739/2026/01/25/patriots-broncos-score-result-takeaways-afc-championship-game/,2026-01-25 23:17:45+00:00,nytimes,2026-01-25 18:17:45-05:00
https://www.nytimes.com/2026/01/25/nyregion/car-theft-ring.html,2026-01-25 23:15:13+00:00,nytimes,2026-01-25 18:15:13-05:00
https://www.bloomberg.com/news/articles/2026-01-25/us-natural-gas-futures-soar-above-6-for-first-time-since-2022,2026-01-25 23:10:37.111000+00:00,bloomberg,2026-01-25 18:10:37.111000-05:00
https://www.bloomberg.com/news/articles/2026-01-25/gold-tops-5-000-as-global-upheaval-fuels-precious-metals-rally,2026-01-25 23:06:42.909000+00:00,bloomberg,2026-01-25 18:06:42.909000-05:00
https://www.businessinsider.com/minnesota-timberwolves-postpone-game-amid-ice-protests-2026-1,2026-01-25 23:03:51.709000+00:00,insider,2026-01-25 18:03:51.709000-05:00
https://www.forbes.com/sites/timlammers/2026/01/25/disneys-zootopia-2-coming-to-streaming-this-week/,2026-01-25 23:01:37+00:00,forbes,2026-01-25 18:01:37-05:00
https://www.nytimes.com/2026/01/25/crosswords/daily-puzzle-2026-01-26.html,2026-01-25 23:00:03+00:00,nytimes,2026-01-25 18:00:03-05:00
https://www.nytimes.com/athletic/6997834/2026/01/25/south-carolina-vanderbilt-first-loss-of-season/,2026-01-25 22:49:29+00:00,nytimes,2026-01-25 17:49:29-05:00
https://www.nytimes.com/2026/01/25/business/media/fox-news-minneapolis-shooting.html,2026-01-25 22:48:28+00:00,nytimes,2026-01-25 17:48:28-05:00
https://www.wsj.com/livecoverage/minneapolis-shooting-alex-pretti/card/minneapolis-vigils-continue-for-alex-pretti-oXiKTAOhJeOubXKWAoX7,2026-01-25 22:37:38+00:00,wsj,2026-01-25 17:37:38-05:00
https://www.nytimes.com/athletic/6997806/2026/01/25/pittsburgh-steelers-aaron-rodgers-return/,2026-01-25 22:34:38+00:00,nytimes,2026-01-25 17:34:38-05:00
https://www.wsj.com/arts-culture/fine-art/art-and-life-in-rembrandts-time-masterpieces-from-the-leiden-collection-review-dazzling-dutch-paintings-3539d90c,2026-01-25 22:27:00+00:00,wsj,2026-01-25 17:27:00-05:00
https://www.nytimes.com/athletic/6997743/2026/01/25/andy-robertson-transfer-liverpool-tottenham/,2026-01-25 22:25:52+00:00,nytimes,2026-01-25 17:25:52-05:00
https://www.nytimes.com/athletic/6997656/2026/01/25/chicago-sports-radio-terry-boers-dies/,2026-01-25 22:23:41+00:00,nytimes,2026-01-25 17:23:41-05:00
https://www.nytimes.com/2026/01/25/nyregion/columbia-president-wisconsin-mnookin.html,2026-01-25 22:20:11+00:00,nytimes,2026-01-25 17:20:11-05:00
https://www.forbes.com/sites/russellflannery/2026/01/25/china-real-estate-slump-opens-incredible-opportunities-for-cities/,2026-01-25 22:14:50+00:00,forbes,2026-01-25 17:14:50-05:00
https://www.forbes.com/sites/poojashah/2026/01/25/why-designer-kristin-juszczyk-believes-fashion-fans-deserve-better/,2026-01-25 22:07:39+00:00,forbes,2026-01-25 17:07:39-05:00
https://www.bloomberg.com/news/articles/2026-01-25/vale-mine-overflow-in-brazil-sends-water-into-competitor-s-site,2026-01-25 22:06:04.111000+00:00,bloomberg,2026-01-25 17:06:04.111000-05:00
https://www.nytimes.com/athletic/6997783/2026/01/25/devin-booker-injury-status-right-ankle-sprain/,2026-01-25 22:04:27+00:00,nytimes,2026-01-25 17:04:27-05:00
https://www.wsj.com/us-news/what-we-know-so-far-about-alex-pretti-303f6e06,2026-01-25 22:03:00+00:00,wsj,2026-01-25 17:03:00-05:00
https://www.bloomberg.com/news/features/2026-01-25/japan-bond-market-crash-raises-alarm-for-global-interest-rates,2026-01-25 22:00:31.155000+00:00,bloomberg,2026-01-25 17:00:31.155000-05:00
https://www.wsj.com/livecoverage/minneapolis-shooting-alex-pretti/card/steve-bannon-sides-with-ice-amid-criticism-from-some-conservatives-8b1BVDOxz7dvDQDPDqSX,2026-01-25 21:59:06+00:00,wsj,2026-01-25 16:59:06-05:00
https://www.wsj.com/livecoverage/minneapolis-shooting-alex-pretti/card/bovino-blames-pretti-for-interfering-with-federal-agents-mEiWC8WY6wieox1gyIqU,2026-01-25 21:58:25+00:00,wsj,2026-01-25 16:58:25-05:00
https://www.wsj.com/livecoverage/minneapolis-shooting-alex-pretti/card/minnesota-ag-worries-about-lost-evidence-in-fatal-shooting-XzsSfKhNB0ggGD4yP3Ls,2026-01-25 21:56:10+00:00,wsj,2026-01-25 16:56:10-05:00
https://www.wsj.com/livecoverage/minneapolis-shooting-alex-pretti/card/one-of-pretti-s-first-bosses-recalls-his-passion-for-healthcare-Fj69bxooeREG8AVXQ16S,2026-01-25 21:55:44+00:00,wsj,2026-01-25 16:55:44-05:00
https://www.wsj.com/livecoverage/minneapolis-shooting-alex-pretti/card/minnesota-ag-recounts-thursday-meeting-with-jd-vance-5VzM0lOlMqRtpebMaOXI,2026-01-25 21:55:02+00:00,wsj,2026-01-25 16:55:02-05:00
https://www.wsj.com/livecoverage/minneapolis-shooting-alex-pretti/card/minnesota-gov-tim-walz-to-president-trump-end-this-today--Oh8qro2YMzQMZas9BTFr,2026-01-25 21:54:41+00:00,wsj,2026-01-25 16:54:41-05:00
https://www.wsj.com/livecoverage/minneapolis-shooting-alex-pretti/card/bondi-sends-walz-letter-with-rule-of-law-conditions-for-minnesota-deu38SlNJKsZuF1yzJB6,2026-01-25 21:53:10+00:00,wsj,2026-01-25 16:53:10-05:00
https://www.nytimes.com/athletic/6997676/2026/01/25/patriots-broncos-early-whistle-backwards-pass-fumble/,2026-01-25 21:52:49+00:00,nytimes,2026-01-25 16:52:49-05:00
https://www.wsj.com/livecoverage/minneapolis-shooting-alex-pretti/card/minnesota-gov-tim-walz-what-side-do-you-want-to-be-on--NyWjYLOILmM3fs9epX3k,2026-01-25 21:52:38+00:00,wsj,2026-01-25 16:52:38-05:00
https://www.nytimes.com/athletic/6997730/2026/01/25/ny-giants-hiring-dennard-wilson-dc-chris-horton/,2026-01-25 21:49:11+00:00,nytimes,2026-01-25 16:49:11-05:00
https://www.wsj.com/livecoverage/minneapolis-shooting-alex-pretti/card/minneapolis-police-overtime-bill-already-more-than-2-million-minnesota-ag-says-7N8KVY0SZxOAJzYZXRVI,2026-01-25 21:47:04+00:00,wsj,2026-01-25 16:47:04-05:00
https://www.bloomberg.com/news/articles/2026-01-25/yen-extends-gains-amid-threat-of-intervention-markets-wrap,2026-01-25 21:46:33.747000+00:00,bloomberg,2026-01-25 16:46:33.747000-05:00
https://www.bloomberg.com/news/articles/2026-01-25/columbia-poised-to-tap-wisconsin-s-mnookin-as-its-next-president,2026-01-25 21:45:43.382000+00:00,bloomberg,2026-01-25 16:45:43.382000-05:00
https://www.nytimes.com/2026/01/25/world/minneapolis-ice-shooting-press-freedom.html,2026-01-25 21:35:17+00:00,nytimes,2026-01-25 16:35:17-05:00
https://www.forbes.com/sites/zacharyfolk/2026/01/25/nba-players-association-says-it-stands-in-solidarity-with-minnesota-protesters/,2026-01-25 21:35:15+00:00,forbes,2026-01-25 16:35:15-05:00
https://www.bloomberg.com/news/newsletters/2026-01-25/takaichi-signals-possible-intervention-amid-yen-bond-chaos,2026-01-25 21:30:40.697000+00:00,bloomberg,2026-01-25 16:30:40.697000-05:00
https://www.forbes.com/sites/carolschram/2026/01/25/how-to-watch-nhl-players-in-2026-olympics-streaming-and-watch-guide/,2026-01-25 21:22:42+00:00,forbes,2026-01-25 16:22:42-05:00
https://www.forbes.com/sites/scotttravers/2026/01/25/did-humans-nearly-go-extinct-900000-years-ago-a-biologist-explains/,2026-01-25 21:15:00+00:00,forbes,2026-01-25 16:15:00-05:00
https://www.forbes.com/sites/zacharyfolk/2026/01/25/target-ceo-joins-minnesota-businesses-urging-deescalation-after-latest-shooting-in-minneapolis/,2026-01-25 21:08:55+00:00,forbes,2026-01-25 16:08:55-05:00
https://www.nytimes.com/es/2026/01/25/espanol/estados-unidos/ice-protestas-mineapolis-alex-pretti-quien-era.html,2026-01-25 21:06:20+00:00,nytimes,2026-01-25 16:06:20-05:00
https://www.forbes.com/sites/abdoriani/2026/01/25/startup-tech-talent-in-the-age-of-ai-coding/,2026-01-25 21:05:43+00:00,forbes,2026-01-25 16:05:43-05:00
https://www.wsj.com/world/americas/canadas-carney-ditches-mr-nice-guy-approach-to-trump-f452fbd4,2026-01-25 21:01:00+00:00,wsj,2026-01-25 16:01:00-05:00
https://www.bloomberg.com/news/newsletters/2026-01-25/corporate-interest-in-ai-shifts-from-investment-to-payoff,2026-01-25 21:00:04.814000+00:00,bloomberg,2026-01-25 16:00:04.814000-05:00
https://www.bloomberg.com/news/articles/2026-01-25/china-national-team-s-68-billion-exit-alters-stock-strategies,2026-01-25 21:00:00.002000+00:00,bloomberg,2026-01-25 16:00:00.002000-05:00
https://www.nytimes.com/es/2026/01/25/espanol/estados-unidos/tormenta-invernal-clima-fotos-video.html,2026-01-25 20:46:47+00:00,nytimes,2026-01-25 15:46:47-05:00
https://www.nytimes.com/athletic/6997426/2026/01/25/minneapolis-shooting-athlete-protests-tyrese-haliburton-breanna-stewart/,2026-01-25 20:46:43+00:00,nytimes,2026-01-25 15:46:43-05:00
https://www.forbes.com/sites/madhukarpai/2026/01/25/lessons-from-william-h-foege-a-global-health-legend/,2026-01-25 20:45:36+00:00,forbes,2026-01-25 15:45:36-05:00
https://www.wsj.com/livecoverage/minneapolis-shooting-alex-pretti/card/progressive-lawmakers-have-a-list-of-demands-bRsiuVzDSjHJgqE75KBD,2026-01-25 20:44:48+00:00,wsj,2026-01-25 15:44:48-05:00
https://www.forbes.com/sites/walterpavlo/2026/01/25/trumps-lawsuit-against-jpmorgan-could-help-thousands-leaving-prison/,2026-01-25 20:43:33+00:00,forbes,2026-01-25 15:43:33-05:00
https://www.wsj.com/business/david-sokol-berkshire-hathaway-a2f92bf2,2026-01-25 20:40:00+00:00,wsj,2026-01-25 15:40:00-05:00
https://www.wsj.com/politics/republicans-house-majority-is-shakier-than-ever-6732b8d2,2026-01-25 20:36:00+00:00,wsj,2026-01-25 15:36:00-05:00
https://www.wsj.com/livecoverage/minneapolis-shooting-alex-pretti/card/neighbors-gather-to-mourn-pretti-3olhgDp7pTDoT1KtWiKN,2026-01-25 20:35:02+00:00,wsj,2026-01-25 15:35:02-05:00
https://www.nytimes.com/article/what-is-thundersnow.html,2026-01-25 20:34:41+00:00,nytimes,2026-01-25 15:34:41-05:00
https://www.nytimes.com/athletic/6997346/2026/01/25/miami-lb-mohamed-toure-return/,2026-01-25 20:33:38+00:00,nytimes,2026-01-25 15:33:38-05:00
https://www.wsj.com/health/pharma/can-trump-and-big-pharma-get-the-world-to-pay-more-for-drugs-bfe5e31d,2026-01-25 20:32:00+00:00,wsj,2026-01-25 15:32:00-05:00
https://www.wsj.com/economy/housing/these-developers-stand-to-win-in-trumps-housing-investor-crackdown-fed348a7,2026-01-25 20:32:00+00:00,wsj,2026-01-25 15:32:00-05:00
https://www.wsj.com/world/europe/europes-1-trillion-race-to-build-back-its-defense-industry-db8ca1d6,2026-01-25 20:30:00+00:00,wsj,2026-01-25 15:30:00-05:00
https://www.wsj.com/us-news/police-who-once-backed-ices-mission-are-losing-faith-in-its-tactics-e123c348,2026-01-25 20:28:00+00:00,wsj,2026-01-25 15:28:00-05:00
https://www.wsj.com/world/china/china-ai-weapons-hawks-wolves-2fcb58bb,2026-01-25 20:28:00+00:00,wsj,2026-01-25 15:28:00-05:00
https://www.wsj.com/us-news/law/the-rules-for-federal-officers-in-immigration-operations-5d68d8d7,2026-01-25 20:28:00+00:00,wsj,2026-01-25 15:28:00-05:00
https://www.wsj.com/personal-finance/taxes/why-it-pays-to-check-your-tax-withholding-this-year-6d443417,2026-01-25 20:27:00+00:00,wsj,2026-01-25 15:27:00-05:00
https://www.wsj.com/us-news/federal-agents-shoot-another-person-in-minneapolis-gov-walz-says-469e5862,2026-01-25 20:25:00+00:00,wsj,2026-01-25 15:25:00-05:00
https://www.wsj.com/world/asia/the-first-three-weeks-of-the-year-will-reshape-the-world-e9487b2d,2026-01-25 20:25:00+00:00,wsj,2026-01-25 15:25:00-05:00
https://www.nytimes.com/2026/01/25/us/federal-exclude-minnesota-shooting-investigations.html,2026-01-25 20:24:45+00:00,nytimes,2026-01-25 15:24:45-05:00
https://www.wsj.com/world/europe/trump-comments-on-afghan-war-veterans-spark-backlash-from-allies-6ea48cbc,2026-01-25 20:23:00+00:00,wsj,2026-01-25 15:23:00-05:00
https://www.businessinsider.com/afl-cio-ice-shooting-alex-pretti-minneapolis-border-patrol-immigration-2026-1,2026-01-25 20:19:54.342000+00:00,insider,2026-01-25 15:19:54.342000-05:00
https://www.nytimes.com/athletic/6997560/2026/01/25/ricardo-pepi-fulham-transfer-usmnt/,2026-01-25 20:19:41+00:00,nytimes,2026-01-25 15:19:41-05:00
https://www.wsj.com/world/china/chinas-xi-places-his-top-general-under-investigation-as-military-purges-heat-up-d07f9c7d,2026-01-25 20:18:00+00:00,wsj,2026-01-25 15:18:00-05:00
https://www.wsj.com/tech/ai/faster-drying-paint-and-better-smelling-soap-ai-tries-product-development-e7a544d7,2026-01-25 20:17:00+00:00,wsj,2026-01-25 15:17:00-05:00
https://www.forbes.com/sites/brucemartin/2026/01/25/roger-penskes-60th-anniversary-season-begins-with-rolex-24-at--daytona-win/,2026-01-25 20:09:23+00:00,forbes,2026-01-25 15:09:23-05:00
https://www.nytimes.com/2026/01/25/us/alex-pretti-family-statement.html,2026-01-25 20:05:29+00:00,nytimes,2026-01-25 15:05:29-05:00
https://www.forbes.com/sites/unicefusa/2026/01/25/seeds-of-hope-a-childs-garden-grows-in-gaza/,2026-01-25 20:02:48+00:00,forbes,2026-01-25 15:02:48-05:00
https://www.businessinsider.com/ice-shooting-alex-pretti-minnesota-corporations-deescalation-peace-target-allianz-2026-1,2026-01-25 20:02:30.950000+00:00,insider,2026-01-25 15:02:30.950000-05:00
https://www.bloomberg.com/opinion/articles/2026-01-25/asia-s-pivot-to-political-satire-is-no-laughing-matter,2026-01-25 20:00:30.875000+00:00,bloomberg,2026-01-25 15:00:30.875000-05:00
https://www.forbes.com/sites/forbes-personal-shopper/article/best-sports-bra/,2026-01-25 20:00:00+00:00,forbes,2026-01-25 15:00:00-05:00
https://www.nytimes.com/2026/01/25/us/politics/eleanor-holmes-norton-re-election-campaign.html,2026-01-25 19:58:13+00:00,nytimes,2026-01-25 14:58:13-05:00
https://www.wsj.com/livecoverage/minneapolis-shooting-alex-pretti/card/judge-blocks-feds-from-destroying-minneapolis-shooting-evidence-57cgQgV8L9ILTAw3SFlV,2026-01-25 19:46:43+00:00,wsj,2026-01-25 14:46:43-05:00
https://www.wsj.com/us-news/law/what-a-wsj-reporter-saw-on-the-ground-following-minneapolis-shooting-3fe7047d,2026-01-25 19:46:00+00:00,wsj,2026-01-25 14:46:00-05:00
https://www.wsj.com/us-news/education/gre-toefl-ets-sale-buyer-d9a4ed67,2026-01-25 19:45:00+00:00,wsj,2026-01-25 14:45:00-05:00
https://www.nytimes.com/2026/01/25/nyregion/floyd-vivino-dead.html,2026-01-25 19:37:59+00:00,nytimes,2026-01-25 14:37:59-05:00
https://www.businessinsider.com/ice-shooting-minneapolis-alex-pretti-business-tech-leaders-react-2026-1,2026-01-25 19:37:48.291000+00:00,insider,2026-01-25 14:37:48.291000-05:00
https://www.bloomberg.com/news/articles/2026-01-25/colombian-leftist-candidate-cepeda-tops-new-presidential-poll,2026-01-25 19:36:15.819000+00:00,bloomberg,2026-01-25 14:36:15.819000-05:00
https://www.forbes.com/sites/timlammers/2026/01/25/skyscraper-live-how-netflix-was-prepared-in-case-alex-honnold-fell/,2026-01-25 19:32:45+00:00,forbes,2026-01-25 14:32:45-05:00
https://www.nytimes.com/athletic/6997501/2026/01/25/how-to-watch-nets-vs-clippers-tv-channel-and-streaming-options-for-january-25/,2026-01-25 19:28:03+00:00,nytimes,2026-01-25 14:28:03-05:00
https://www.nytimes.com/athletic/6997496/2026/01/25/how-to-watch-heat-vs-suns-tv-channel-and-streaming-options-for-january-25/,2026-01-25 19:27:15+00:00,nytimes,2026-01-25 14:27:15-05:00
https://www.bloomberg.com/news/articles/2026-01-25/minnesota-ceos-call-for-easing-tensions-between-ice-protesters,2026-01-25 19:27:10.925000+00:00,bloomberg,2026-01-25 14:27:10.925000-05:00
https://www.nytimes.com/athletic/6997476/2026/01/25/ducks-vs-flames-stream-how-to-watch-jan-25/,2026-01-25 19:24:36+00:00,nytimes,2026-01-25 14:24:36-05:00
https://www.forbes.com/sites/gemmaallen/2026/01/25/inside-1minds-40m-ai-bet-and-the-superhuman-vision-behind-it/,2026-01-25 19:24:27+00:00,forbes,2026-01-25 14:24:27-05:00
https://www.wsj.com/livecoverage/minneapolis-shooting-alex-pretti/card/mourners-visit-donut-shop-across-from-shooting-site-8393DfHCG1m6qDBZ2Zm0,2026-01-25 19:24:04+00:00,wsj,2026-01-25 14:24:04-05:00
https://www.nytimes.com/athletic/6997060/2026/01/25/west-ham-lucas-paqueta-flamengo-transfer/,2026-01-25 19:22:31+00:00,nytimes,2026-01-25 14:22:31-05:00
https://www.wsj.com/livecoverage/minneapolis-shooting-alex-pretti/card/police-chiefs-group-calls-on-white-house-to-convene-meeting-rwmJAvnl0zNOtNdu9mdD,2026-01-25 19:19:49+00:00,wsj,2026-01-25 14:19:49-05:00
https://www.nytimes.com/2026/01/25/us/politics/trump-truth-minneapolis-shootings.html,2026-01-25 19:16:08+00:00,nytimes,2026-01-25 14:16:08-05:00
https://www.wsj.com/livecoverage/minneapolis-shooting-alex-pretti/card/vermont-s-republican-governor-criticizes-federal-immigration-actions-EYzuwcixkPu0qWqPKA12,2026-01-25 19:15:55+00:00,wsj,2026-01-25 14:15:55-05:00
https://www.wsj.com/livecoverage/minneapolis-shooting-alex-pretti/card/klobuchar-shooting-victim-alex-pretti-chose-to-serve-veterans-and-help-others-0DYIjxnbWhybGEgcg6So,2026-01-25 19:15:49+00:00,wsj,2026-01-25 14:15:49-05:00
https://www.wsj.com/livecoverage/minneapolis-shooting-alex-pretti/card/dozens-of-minnesota-executives-call-on-authorities-to-de-escalate-tensions-zkwl4YJk3eWAJDWZnyoo,2026-01-25 19:15:30+00:00,wsj,2026-01-25 14:15:30-05:00
https://www.nytimes.com/2026/01/25/weather/another-storm-forecast-noreaster.html,2026-01-25 19:14:58+00:00,nytimes,2026-01-25 14:14:58-05:00
https://www.forbes.com/sites/zakdoffman/2026/01/25/windows-pcs-suddenly-fail-after-microsofts-new-update/,2026-01-25 19:11:19+00:00,forbes,2026-01-25 14:11:19-05:00
https://www.wsj.com/livecoverage/minneapolis-shooting-alex-pretti/card/new-york-gov-hochul-says-federal-government-lied-about-minneapolis-shooting-iUoe8uxuotrMY5RUME0S,2026-01-25 19:09:00+00:00,wsj,2026-01-25 14:09:00-05:00
https://www.wsj.com/livecoverage/minneapolis-shooting-alex-pretti/card/obamas-call-fatal-minneapolis-shooting-by-immigration-officers-a-wake-up-call--XPMF53r7GrD6tjFmMWF4,2026-01-25 19:07:54+00:00,wsj,2026-01-25 14:07:54-05:00
https://www.forbes.com/sites/zennonkapron/2026/01/25/why-banks-are-rejecting-too-many-small-business-loans/,2026-01-25 19:05:15+00:00,forbes,2026-01-25 14:05:15-05:00
https://www.bloomberg.com/opinion/articles/2026-01-25/modi-has-a-shot-at-history-making-with-eu-s-india-visit,2026-01-25 19:00:30.819000+00:00,bloomberg,2026-01-25 14:00:30.819000-05:00
https://www.wsj.com/livecoverage/minneapolis-shooting-alex-pretti/card/patel-bovino-defend-federal-agents-who-shot-pretti-UgJfWBYSgT0pNEEEBnAs,2026-01-25 18:57:15+00:00,wsj,2026-01-25 13:57:15-05:00
https://www.forbes.com/sites/markhughes/2026/01/25/interview-part-2avatar-fire-and-ash-vfx-oscar-nominees-on-cameron/,2026-01-25 18:56:05+00:00,forbes,2026-01-25 13:56:05-05:00
https://www.bloomberg.com/news/articles/2026-01-25/canada-won-t-back-down-on-trade-pivot-as-energy-minister-heads-to-india,2026-01-25 18:53:59.755000+00:00,bloomberg,2026-01-25 13:53:59.755000-05:00
https://www.forbes.com/sites/monicamercuri/2026/01/25/will-there-be-a-finding-her-edge-season-2-heres-everything-to-know-so-far/,2026-01-25 18:47:32+00:00,forbes,2026-01-25 13:47:32-05:00
https://www.forbes.com/sites/jackmccullough/2026/01/25/pagerduty-cfo-howard-wilson-dont-stay-in-your-lane--raise-your-hand/,2026-01-25 18:42:38+00:00,forbes,2026-01-25 13:42:38-05:00
https://www.businessinsider.com/veterans-are-paying-the-price-for-va-cuts-lawmakers-say-2026-1,2026-01-25 18:39:25.266000+00:00,insider,2026-01-25 13:39:25.266000-05:00
https://www.nytimes.com/2026/01/25/opinion/alex-pretti-minneapolis-shooting-border-patrol.html,2026-01-25 18:37:00+00:00,nytimes,2026-01-25 13:37:00-05:00
https://www.wsj.com/livecoverage/minneapolis-shooting-alex-pretti/card/doctor-who-witnessed-shooting-said-ice-didn-t-help-victim-as-he-laid-dying-45aGyO3e7bQuA5r4yPsi,2026-01-25 18:33:22+00:00,wsj,2026-01-25 13:33:22-05:00
https://www.forbes.com/sites/niritcohen/2026/01/25/calling-ai-employees-may-teach-clients-not-to-need-consultants/,2026-01-25 18:31:33+00:00,forbes,2026-01-25 13:31:33-05:00
https://www.businessinsider.com/why-i-buy-duplicate-items-for-my-kids-after-divorce-2026-1,2026-01-25 18:30:01.285000+00:00,insider,2026-01-25 13:30:01.285000-05:00
https://www.wsj.com/livecoverage/minneapolis-shooting-alex-pretti/card/comer-says-trump-should-consider-removing-ice-from-minnesota-fz7LmjFKD8YZKWZmtxb2,2026-01-25 18:28:30+00:00,wsj,2026-01-25 13:28:30-05:00
https://www.nytimes.com/athletic/6990978/2026/01/25/arsenal-man-utd-carrick-dorgu-arteta/,2026-01-25 18:26:22+00:00,nytimes,2026-01-25 13:26:22-05:00
https://www.bloomberg.com/news/articles/2026-01-25/gop-wavers-on-trump-immigration-crackdown-after-latest-killing,2026-01-25 18:25:21.474000+00:00,bloomberg,2026-01-25 13:25:21.474000-05:00
https://www.forbes.com/sites/zacharyfolk/2026/01/25/obama-condemns-ice-tactics-in-minnesota-says-trump-administration-seems-eager-to-escalate-the-situation/,2026-01-25 18:23:46+00:00,forbes,2026-01-25 13:23:46-05:00
https://www.wsj.com/livecoverage/minneapolis-shooting-alex-pretti/card/fbi-director-wrongly-suggests-you-can-t-bring-guns-to-protests-CDyg61zlcs1CJpVWmysK,2026-01-25 18:14:29+00:00,wsj,2026-01-25 13:14:29-05:00
https://www.forbes.com/sites/gregengle/2026/01/25/the-older-dale-earnhardt-jr-gets-the-slower-he-wants-teen-drivers-to-be/,2026-01-25 18:11:57+00:00,forbes,2026-01-25 13:11:57-05:00
https://www.forbes.com/sites/davidphelan/2026/01/25/apple-iphone-18-pro-display-set-for-biggest-design-change-in-years-new-leak-claims/,2026-01-25 18:05:00+00:00,forbes,2026-01-25 13:05:00-05:00
https://www.wsj.com/opinion/meet-trumps-partners-in-venezuela-177c799d,2026-01-25 18:03:00+00:00,wsj,2026-01-25 13:03:00-05:00
https://www.wsj.com/arts-culture/influential-people-entertainment-history-dfa7a975,2026-01-25 18:02:00+00:00,wsj,2026-01-25 13:02:00-05:00
https://www.forbes.com/sites/brettowens/2026/01/25/these-are-the-stock-markets-newest-dividend-payers/,2026-01-25 18:00:00+00:00,forbes,2026-01-25 13:00:00-05:00
https://www.wsj.com/opinion/scott-bessent-and-gavin-newsom-feud-over-a-dumb-idea-aaa7ed63,2026-01-25 17:59:00+00:00,wsj,2026-01-25 12:59:00-05:00
https://www.forbes.com/sites/pamdanziger/2026/01/25/brick-and-mortar-makes-a-comeback-in-a-changing-retail-landscape/,2026-01-25 17:57:27+00:00,forbes,2026-01-25 12:57:27-05:00
https://www.wsj.com/livecoverage/minneapolis-shooting-alex-pretti/card/maine-governor-seeks-trump-meeting-to-demand-ice-withdrawal-28T979WX3GWcPXZNuM7p,2026-01-25 17:53:39+00:00,wsj,2026-01-25 12:53:39-05:00
https://www.wsj.com/livecoverage/minneapolis-shooting-alex-pretti/card/minnesota-s-klobuchar-stops-short-of-abolish-ice-as-other-democrats-have-suggested-dDVgZXAMqoWOhFisjoy9,2026-01-25 17:52:48+00:00,wsj,2026-01-25 12:52:48-05:00
https://www.nytimes.com/2026/01/25/business/minnesota-target-general-mills-ceo-letter.html,2026-01-25 17:51:44+00:00,nytimes,2026-01-25 12:51:44-05:00
https://www.bloomberg.com/news/articles/2026-01-25/venezuela-frees-at-least-80-more-political-prisoners-group-says,2026-01-25 17:47:53.952000+00:00,bloomberg,2026-01-25 12:47:53.952000-05:00
https://www.forbes.com/sites/tomaspremuzic/2026/01/25/are-narcissistic-leaders-actually-insecure/,2026-01-25 17:46:38+00:00,forbes,2026-01-25 12:46:38-05:00
https://www.nytimes.com/athletic/6996880/2026/01/25/aaron-anselmino-chelsea-borussia-dortmund-loan-recall/,2026-01-25 17:27:45+00:00,nytimes,2026-01-25 12:27:45-05:00
https://www.forbes.com/sites/catherineerdly/2026/01/25/7-consumer-trends-that-define-what-shoppers-want-in-2026/,2026-01-25 17:26:31+00:00,forbes,2026-01-25 12:26:31-05:00
https://www.nytimes.com/2026/01/25/world/middleeast/iran-internet.html,2026-01-25 17:26:30+00:00,nytimes,2026-01-25 12:26:30-05:00
https://www.forbes.com/sites/peterchawaga/2026/01/25/braves-make-ronald-acuna-jr-decision-after-brutal-injury-setback/,2026-01-25 17:25:49+00:00,forbes,2026-01-25 12:25:49-05:00
https://www.wsj.com/livecoverage/minneapolis-shooting-alex-pretti/card/minneapolis-officials-report-overwhelmingly-calm-overnight-after-latest-shooting-52JW7ApPO1llElpNwnV2,2026-01-25 17:22:51+00:00,wsj,2026-01-25 12:22:51-05:00
https://www.wsj.com/livecoverage/minneapolis-shooting-alex-pretti/card/protesters-and-federal-agents-faced-off-after-shooting-MpU333FLtcsXMFkGrPu1,2026-01-25 17:22:11+00:00,wsj,2026-01-25 12:22:11-05:00
https://www.forbes.com/sites/steveweisman/2026/01/25/from-mailbox-to-bank-fraud-check-theft-is-surging-and-how-to-stop-it/,2026-01-25 17:19:58+00:00,forbes,2026-01-25 12:19:58-05:00
https://www.wsj.com/livecoverage/minneapolis-shooting-alex-pretti/card/two-of-three-minneapolis-2026-homicides-by-federal-agents-klobuchar-says-AHKpWNp3Fh2gCKgkpnk7,2026-01-25 17:06:17+00:00,wsj,2026-01-25 12:06:17-05:00
https://www.nytimes.com/2026/01/25/obituaries/marian-goodman-dead.html,2026-01-25 17:05:01+00:00,nytimes,2026-01-25 12:05:01-05:00
https://www.nytimes.com/2026/01/25/arts/music/geese-cameron-winter-saturday-night-live-snl.html,2026-01-25 17:01:40+00:00,nytimes,2026-01-25 12:01:40-05:00
https://www.forbes.com/sites/peterchawaga/2026/01/25/phillies-confirm-interest-in-bryce-harper-move-after-spat-with-front-office/,2026-01-25 17:01:39+00:00,forbes,2026-01-25 12:01:39-05:00
https://www.wsj.com/livecoverage/minneapolis-shooting-alex-pretti/card/what-did-alex-pretti-s-family-say-about-the-shooting--D6Am58x3CJB88EQrf3aH,2026-01-25 17:00:14+00:00,wsj,2026-01-25 12:00:14-05:00
https://www.forbes.com/sites/davidphelan/2026/01/25/apples-critical-iphone-update-warning-hundreds-of-millions-must-act-now/,2026-01-25 17:00:01+00:00,forbes,2026-01-25 12:00:01-05:00
https://www.wsj.com/livecoverage/minneapolis-shooting-alex-pretti/card/doj-official-doesn-t-know-if-agents-disarmed-alex-pretti-HvKWbkrR6a08R1criM5x,2026-01-25 16:59:30+00:00,wsj,2026-01-25 11:59:30-05:00
https://www.wsj.com/livecoverage/minneapolis-shooting-alex-pretti/card/what-we-know-about-alex-pretti-Oor0MXn7wFSNxBMeHnSf,2026-01-25 16:58:21+00:00,wsj,2026-01-25 11:58:21-05:00
https://www.forbes.com/sites/chuckbrooks/2026/01/25/human-centric-intelligence-a-new-paradigm-for-ai-decision-making/,2026-01-25 16:57:07+00:00,forbes,2026-01-25 11:57:07-05:00
https://www.wsj.com/livecoverage/minneapolis-shooting-alex-pretti/card/police-who-once-backed-ice-s-mission-are-losing-faith-in-its-tactics-vIo1FAhLlBb2WzIra22I,2026-01-25 16:49:28+00:00,wsj,2026-01-25 11:49:28-05:00
https://www.forbes.com/sites/anjanasusarla/2026/01/25/a-gap-in-ai-adoption-moravec-and-the-ai-productivity-paradox/,2026-01-25 16:47:41+00:00,forbes,2026-01-25 11:47:41-05:00
https://www.wsj.com/lifestyle/the-best-and-worst-airlines-346ee8f0,2026-01-25 16:46:00+00:00,wsj,2026-01-25 11:46:00-05:00
https://www.wsj.com/livecoverage/minneapolis-shooting-alex-pretti/card/witness-disputes-federal-account-of-shooting-Q6x34iS8maAwD3wWkqEE,2026-01-25 16:43:14+00:00,wsj,2026-01-25 11:43:14-05:00
https://www.forbes.com/sites/adamzagoria/2026/01/25/novak-djokovic-gets-walkover-into-australian-open-quarterfinals/,2026-01-25 16:40:17+00:00,forbes,2026-01-25 11:40:17-05:00
https://www.nytimes.com/athletic/6997252/2026/01/25/jonathan-barnett-lawsuit-kill/,2026-01-25 16:40:15+00:00,nytimes,2026-01-25 11:40:15-05:00
https://www.wsj.com/livecoverage/minneapolis-shooting-alex-pretti/card/wsj-visual-investigation-videos-contradict-u-s-account-of-minneapolis-shooting-lrNpSm80hhnrxVxEy7kO,2026-01-25 16:39:49+00:00,wsj,2026-01-25 11:39:49-05:00
https://www.forbes.com/sites/christinecarter/2026/01/25/todays-fathers-are-more-present-at-home-and-still-hiding-at-work/,2026-01-25 16:37:04+00:00,forbes,2026-01-25 11:37:04-05:00
https://www.forbes.com/sites/peterchawaga/2026/01/25/yankees-boss-opens-door-to-trade-of-top-prospect/,2026-01-25 16:32:01+00:00,forbes,2026-01-25 11:32:01-05:00
https://www.wsj.com/sports/tennis/learner-tien-australian-open-4ecc4e2d,2026-01-25 16:31:00+00:00,wsj,2026-01-25 11:31:00-05:00
https://www.nytimes.com/athletic/6997251/2026/01/25/how-to-watch-mavericks-vs-bucks-tv-channel-and-streaming-options-for-january-25/,2026-01-25 16:28:46+00:00,nytimes,2026-01-25 11:28:46-05:00
https://www.nytimes.com/athletic/6997246/2026/01/25/how-to-watch-pelicans-vs-spurs-tv-channel-and-streaming-options-for-january-25/,2026-01-25 16:27:57+00:00,nytimes,2026-01-25 11:27:57-05:00
https://www.nytimes.com/athletic/6997243/2026/01/25/how-to-watch-raptors-vs-thunder-tv-channel-and-streaming-options-for-january-25/,2026-01-25 16:27:36+00:00,nytimes,2026-01-25 11:27:36-05:00
https://www.wsj.com/opinion/responding-to-the-iranian-foreign-minister-036647bb,2026-01-25 16:26:00+00:00,wsj,2026-01-25 11:26:00-05:00
https://www.nytimes.com/athletic/6997235/2026/01/25/golden-knights-vs-senators-stream-how-to-watch-jan-25/,2026-01-25 16:25:41+00:00,nytimes,2026-01-25 11:25:41-05:00
https://www.nytimes.com/athletic/6997233/2026/01/25/panthers-vs-blackhawks-stream-how-to-watch-jan-25/,2026-01-25 16:25:24+00:00,nytimes,2026-01-25 11:25:24-05:00
https://www.wsj.com/opinion/the-lefts-nonprofit-problem-goes-way-back-0ed9da85,2026-01-25 16:25:00+00:00,wsj,2026-01-25 11:25:00-05:00
https://www.wsj.com/opinion/strategic-gains-come-cheap-with-greenland-75f962ca,2026-01-25 16:25:00+00:00,wsj,2026-01-25 11:25:00-05:00
https://www.nytimes.com/athletic/6997231/2026/01/25/penguins-vs-canucks-stream-how-to-watch-jan-25/,2026-01-25 16:24:40+00:00,nytimes,2026-01-25 11:24:40-05:00
https://www.wsj.com/opinion/a-signature-is-the-new-bloat-7fae7275,2026-01-25 16:24:00+00:00,wsj,2026-01-25 11:24:00-05:00
https://www.forbes.com/sites/chaddscott/2026/01/25/museum-of-modern-art-continues-long-relationship-with-wifredo-lam/,2026-01-25 16:18:57+00:00,forbes,2026-01-25 11:18:57-05:00
https://www.nytimes.com/2026/01/25/us/museums-broadway-storm-closed.html,2026-01-25 16:16:29+00:00,nytimes,2026-01-25 11:16:29-05:00
https://www.forbes.com/sites/robreischel/2026/01/25/packers-pick-jonathan-gannon-to-lead-their-defense/,2026-01-25 16:14:40+00:00,forbes,2026-01-25 11:14:40-05:00
https://www.nytimes.com/2026/01/25/weather/winter-storm-flight-delays-cancellations.html,2026-01-25 16:11:02+00:00,nytimes,2026-01-25 11:11:02-05:00
https://www.nytimes.com/athletic/6990973/2026/01/25/newcastle-0-aston-villa-2/,2026-01-25 16:06:42+00:00,nytimes,2026-01-25 11:06:42-05:00
https://www.forbes.com/sites/peterchawaga/2026/01/25/dodgers-shohei-ohtani-sends-mets-message-in-rare-english-language-address/,2026-01-25 16:05:34+00:00,forbes,2026-01-25 11:05:34-05:00
https://www.nytimes.com/athletic/6770704/2026/01/25/marti-cifuentes-leicester-city-departure/,2026-01-25 16:01:34+00:00,nytimes,2026-01-25 11:01:34-05:00
https://www.nytimes.com/2026/01/25/dining/when-pancakes-met-oatmeal.html,2026-01-25 16:00:04+00:00,nytimes,2026-01-25 11:00:04-05:00
https://www.nytimes.com/athletic/6996806/2026/01/25/john-mcginn-aston-villa-injury-news-scotland/,2026-01-25 15:59:58+00:00,nytimes,2026-01-25 10:59:58-05:00
https://www.nytimes.com/athletic/6990972/2026/01/25/crystal-palace-chelsea-result-report-analysis/,2026-01-25 15:57:51+00:00,nytimes,2026-01-25 10:57:51-05:00
https://www.forbes.com/sites/peterlyon/2026/01/25/a-masterpiece-that-america-never-got-penned-by-an-italian-design-icon/,2026-01-25 15:55:43+00:00,forbes,2026-01-25 10:55:43-05:00
https://www.nytimes.com/athletic/6997088/2026/01/25/moussa-sylla-nycfc-schalke-deal-transfer-news/,2026-01-25 15:53:00+00:00,nytimes,2026-01-25 10:53:00-05:00
https://www.forbes.com/sites/sheilacallaham/2026/01/25/why-hiring-systems-will-be-stress-tested-in-2026/,2026-01-25 15:51:45+00:00,forbes,2026-01-25 10:51:45-05:00
https://www.forbes.com/sites/marcberman1/2026/01/25/cousin-oliver-wasnt-first-a-brief-history-of-tv-series-desperation/,2026-01-25 15:50:18+00:00,forbes,2026-01-25 10:50:18-05:00
https://www.businessinsider.com/creatine-most-effective-fitness-supplement-science-burn-fat-build-muscle-2024-8,2026-01-25 15:48:48.805000+00:00,insider,2026-01-25 10:48:48.805000-05:00
https://www.wsj.com/arts-culture/books/on-the-altar-review-sacrifice-across-the-centuries-a28aeb8e,2026-01-25 15:46:00+00:00,wsj,2026-01-25 10:46:00-05:00
https://www.forbes.com/sites/willmcgough/2026/01/25/new-york-city-hotel-prices-will-look-different-next-month-thanks-to-a-new-law/,2026-01-25 15:45:43+00:00,forbes,2026-01-25 10:45:43-05:00
https://www.forbes.com/sites/traversmark/2026/01/25/a-psychologist-shares-an-8-question-quiz-that-reveals-your-boundary-setting-style/,2026-01-25 15:44:53+00:00,forbes,2026-01-25 10:44:53-05:00
https://www.forbes.com/sites/digital-assets/2026/01/25/rwa-tokenization-accelerates-with-blockchain-based-markets/,2026-01-25 15:36:42+00:00,forbes,2026-01-25 10:36:42-05:00
https://www.nytimes.com/athletic/live-blogs/rams-vs-seahawks-live-score-updates-nfl-playoffs-nfc-championship-game-result/a5u03hu9zlvB/,2026-01-25 15:30:34+00:00,nytimes,2026-01-25 10:30:34-05:00
https://www.forbes.com/sites/krisholt/2026/01/25/quordle-hints-and-answers-for-monday-january-26/,2026-01-25 15:30:00+00:00,forbes,2026-01-25 10:30:00-05:00
https://www.nytimes.com/athletic/6996668/2026/01/25/you-dont-realize-just-how-long-jarrett-stidham-has-been-idling/,2026-01-25 15:29:13+00:00,nytimes,2026-01-25 10:29:13-05:00
https://www.nytimes.com/athletic/6997068/2026/01/25/jonathan-gannon-packers-defensive-coordinator-cardinals-eagles/,2026-01-25 15:24:26+00:00,nytimes,2026-01-25 10:24:26-05:00
https://www.nytimes.com/2026/01/25/us/politics/bill-cassidy-minneapolis-investigation.html,2026-01-25 15:08:59+00:00,nytimes,2026-01-25 10:08:59-05:00
https://www.forbes.com/sites/vikrammittal/2026/01/25/russias-new-ai-system-aims-to-fix-front-line-decision-making/,2026-01-25 15:07:21+00:00,forbes,2026-01-25 10:07:21-05:00
https://www.bloomberg.com/news/articles/2026-01-25/vw-may-pull-plans-for-us-audi-plant-absent-tariff-cuts-ceo-says,2026-01-25 15:03:12.120000+00:00,bloomberg,2026-01-25 10:03:12.120000-05:00
https://www.forbes.com/sites/robreischel/2026/01/25/just-three-green-bay-packers-finish-first-on-the-all-nfc-north-team/,2026-01-25 15:01:51+00:00,forbes,2026-01-25 10:01:51-05:00
https://www.bloomberg.com/news/articles/2026-01-25/investors-hedge-china-tech-risks-amid-trump-taco-trade-drama,2026-01-25 15:00:00.002000+00:00,bloomberg,2026-01-25 10:00:00.002000-05:00
https://www.bloomberg.com/news/articles/2026-01-25/power-trading-startup-enechain-raises-32-million-for-expansion,2026-01-25 15:00:00.001000+00:00,bloomberg,2026-01-25 10:00:00.001000-05:00
https://www.forbes.com/sites/krisholt/2026/01/25/nyt-connections-hints-answers-today-january-26-2026-clues-960/,2026-01-25 15:00:00+00:00,forbes,2026-01-25 10:00:00-05:00
https://www.forbes.com/sites/johntamny/2026/01/25/donald-trump-has-the-chance-to-do-what-ronald-reagan-wished-he-had/,2026-01-25 15:00:00+00:00,forbes,2026-01-25 10:00:00-05:00
https://www.forbes.com/sites/zacharyfolk/2026/01/25/winter-storm-update-10000-flights-cancelled-700000-without-power/,2026-01-25 14:58:05+00:00,forbes,2026-01-25 09:58:05-05:00
https://www.nytimes.com/2026/01/25/us/nyc-school-closure-remote-learning-storm.html,2026-01-25 14:53:59+00:00,nytimes,2026-01-25 09:53:59-05:00
https://www.bloomberg.com/news/articles/2026-01-25/power-outages-cascade-as-massive-winter-storm-reaches-east-coast,2026-01-25 14:49:05.752000+00:00,bloomberg,2026-01-25 09:49:05.752000-05:00
https://www.businessinsider.com/ina-garten-winter-minestrone-soup-recipe-review,2026-01-25 14:44:01.384000+00:00,insider,2026-01-25 09:44:01.384000-05:00
https://www.forbes.com/sites/nataliestoclet/2026/01/25/your-essential-annual-guide-to-mexico-city-art-week-2026/,2026-01-25 14:41:02+00:00,forbes,2026-01-25 09:41:02-05:00
https://www.forbes.com/sites/robreischel/2026/01/25/why-a-mike-mccarthy-aaron-rodgers-reunion-is-a-terrible-idea/,2026-01-25 14:38:12+00:00,forbes,2026-01-25 09:38:12-05:00
https://www.forbes.com/sites/traversmark/2026/01/25/3-reasons-your-relationship-feels-unusually-heavy-by-a-psychologist/,2026-01-25 14:30:50+00:00,forbes,2026-01-25 09:30:50-05:00
https://www.forbes.com/sites/stuartanderson/2026/01/25/trump-immigration-officials-to-allow-17-iranian-visa-holders-in-lawsuit-to-enter-us/,2026-01-25 14:23:21+00:00,forbes,2026-01-25 09:23:21-05:00
https://www.businessinsider.com/how-heart-health-dietitian-fits-sugar-alcohol-into-diet-2026-1,2026-01-25 14:22:01.226000+00:00,insider,2026-01-25 09:22:01.226000-05:00
https://www.forbes.com/sites/omerawan/2026/01/25/cdc-vaccine-advisory-panel-chair-questions-polio-recommendation-heres-why-that-sets-a-dangerous-precedent/,2026-01-25 14:21:29+00:00,forbes,2026-01-25 09:21:29-05:00
https://www.nytimes.com/athletic/6996762/2026/01/25/luka-doncic-mavericks-lakers-fans-support-nba/,2026-01-25 14:21:01+00:00,nytimes,2026-01-25 09:21:01-05:00
https://www.bloomberg.com/news/articles/2026-01-25/jorge-quiroz-floats-more-gradual-spending-cuts-in-chile,2026-01-25 14:17:14.327000+00:00,bloomberg,2026-01-25 09:17:14.327000-05:00
https://www.wsj.com/tech/ais-messy-human-drama-4f7f488b,2026-01-25 14:14:00+00:00,wsj,2026-01-25 09:14:00-05:00
https://www.forbes.com/sites/scotttravers/2026/01/25/meet-the-biggest-millipede-to-ever-exist-hint-it-was-longer-than-a-person/,2026-01-25 14:09:17+00:00,forbes,2026-01-25 09:09:17-05:00
https://www.businessinsider.com/the-us-militarys-drone-defense-confusion-is-leaving-bases-vulnerable-2026-1,2026-01-25 14:07:01.223000+00:00,insider,2026-01-25 09:07:01.223000-05:00
https://www.forbes.com/sites/daveywinder/2026/01/25/48-million-gmail-usernames-and-passwords-leaked-online/,2026-01-25 14:04:29+00:00,forbes,2026-01-25 09:04:29-05:00
https://www.businessinsider.com/laid-off-from-tech-job-retired-france-2026-1,2026-01-25 14:03:01.379000+00:00,insider,2026-01-25 09:03:01.379000-05:00
https://www.nytimes.com/2026/01/25/arts/television/snl-trump-awards-teyana-taylor.html,2026-01-25 14:02:09+00:00,nytimes,2026-01-25 09:02:09-05:00
https://www.bloomberg.com/news/articles/2026-01-25/big-tech-earnings-land-with-2026-s-ai-winners-still-in-question,2026-01-25 14:00:07+00:00,bloomberg,2026-01-25 09:00:07-05:00
https://www.nytimes.com/2026/01/25/opinion/free-speech-colleges-universities.html,2026-01-25 14:00:06+00:00,nytimes,2026-01-25 09:00:06-05:00
https://www.nytimes.com/2026/01/25/opinion/ai-human-judgment.html,2026-01-25 14:00:05+00:00,nytimes,2026-01-25 09:00:05-05:00
https://www.forbes.com/sites/scottkramer/2026/01/25/the-magic-price-point-for-a-decent-e-bike/,2026-01-25 14:00:00+00:00,forbes,2026-01-25 09:00:00-05:00
https://www.forbes.com/sites/hughmcintyre/2026/01/25/miley-cyrus-earns-her-first-hit-on-one-radio-chart-thanks-to-family/,2026-01-25 14:00:00+00:00,forbes,2026-01-25 09:00:00-05:00
https://www.forbes.com/sites/markmurphy/2026/01/25/why-hr-doesnt-trust-managers-to-have-difficult-conversations-alone/,2026-01-25 14:00:00+00:00,forbes,2026-01-25 09:00:00-05:00
https://www.nytimes.com/athletic/6996876/2026/01/25/tour-down-under-kangaroos-crash/,2026-01-25 13:57:30+00:00,nytimes,2026-01-25 08:57:30-05:00
https://www.forbes.com/sites/rachelwells/2026/01/25/the-ai-trend-leaders-cant-afford-to-miss-in-2026-human-in-the-lead/,2026-01-25 13:54:01+00:00,forbes,2026-01-25 08:54:01-05:00
https://www.forbes.com/sites/brucelee/2026/01/25/trend-towards-irl-events-with-more-authenticity-whats-behind-it/,2026-01-25 13:53:22+00:00,forbes,2026-01-25 08:53:22-05:00
https://www.nytimes.com/athletic/6994084/2026/01/25/2025-topps-stadium-club-baseball-odds-analysis/,2026-01-25 13:43:57+00:00,nytimes,2026-01-25 08:43:57-05:00
https://www.bloomberg.com/news/articles/2026-01-25/saudi-developers-jump-as-kingdom-moves-to-open-property-market,2026-01-25 13:43:17.995000+00:00,bloomberg,2026-01-25 08:43:17.995000-05:00
https://www.bloomberg.com/news/articles/2026-01-25/vitol-and-trafigura-traders-at-the-heart-of-trump-s-venezuela-oil-grab,2026-01-25 13:30:05.306000+00:00,bloomberg,2026-01-25 08:30:05.306000-05:00
https://www.forbes.com/sites/hughmcintyre/2026/01/25/one-of-linkin-parks-oldest-songs-finally-debuts-on-one-billboard-chart/,2026-01-25 13:30:00+00:00,forbes,2026-01-25 08:30:00-05:00
https://www.businessinsider.com/worst-winter-storms-us-history,2026-01-25 13:27:01.226000+00:00,insider,2026-01-25 08:27:01.226000-05:00
https://www.nytimes.com/athletic/6996966/2026/01/25/how-to-watch-kings-vs-pistons-tv-channel-and-streaming-options-for-january-25/,2026-01-25 13:25:58+00:00,nytimes,2026-01-25 08:25:58-05:00
https://www.nytimes.com/athletic/6996964/2026/01/25/how-to-watch-nuggets-vs-grizzlies-tv-channel-and-streaming-options-for-january-25/,2026-01-25 13:25:50+00:00,nytimes,2026-01-25 08:25:50-05:00
https://www.nytimes.com/athletic/6996961/2026/01/25/devils-vs-kraken-stream-how-to-watch-jan-25/,2026-01-25 13:25:07+00:00,nytimes,2026-01-25 08:25:07-05:00
https://www.nytimes.com/athletic/6996958/2026/01/25/avalanche-vs-maple-leafs-stream-how-to-watch-jan-25/,2026-01-25 13:24:57+00:00,nytimes,2026-01-25 08:24:57-05:00
https://www.forbes.com/sites/zakdoffman/2026/01/25/chrome-and-safari-warning-if-you-see-this-youre-being-hacked/,2026-01-25 13:22:39+00:00,forbes,2026-01-25 08:22:39-05:00
https://www.nytimes.com/athletic/6996946/2026/01/25/mississippi-state-vs-alabama-stream-how-to-watch-jan-25/,2026-01-25 13:14:41+00:00,nytimes,2026-01-25 08:14:41-05:00
https://www.nytimes.com/athletic/6996944/2026/01/25/ohio-state-vs-iowa-stream-how-to-watch-jan-25/,2026-01-25 13:14:40+00:00,nytimes,2026-01-25 08:14:40-05:00
https://www.nytimes.com/athletic/6996942/2026/01/25/oklahoma-vs-auburn-stream-how-to-watch-jan-25/,2026-01-25 13:13:47+00:00,nytimes,2026-01-25 08:13:47-05:00
https://www.nytimes.com/athletic/6996940/2026/01/25/vanderbilt-vs-south-carolina-stream-how-to-watch-jan-25/,2026-01-25 13:13:26+00:00,nytimes,2026-01-25 08:13:26-05:00
https://www.nytimes.com/athletic/6996936/2026/01/25/usc-vs-michigan-stream-how-to-watch-jan-25/,2026-01-25 13:12:31+00:00,nytimes,2026-01-25 08:12:31-05:00
https://www.nytimes.com/athletic/6996934/2026/01/25/ucla-vs-northwestern-stream-how-to-watch-jan-25/,2026-01-25 13:11:45+00:00,nytimes,2026-01-25 08:11:45-05:00
https://www.nytimes.com/athletic/6996890/2026/01/25/marti-cifuentes-leicester-manager-future/,2026-01-25 13:01:18+00:00,nytimes,2026-01-25 08:01:18-05:00
https://www.nytimes.com/live/2026/01/25/us/minneapolis-shooting-ice,2026-01-25 13:00:41+00:00,nytimes,2026-01-25 08:00:41-05:00
https://www.bloomberg.com/opinion/newsletters/2026-01-25/winter-storm-issues-ai-snow-photos-and-a-test-for-the-grid,2026-01-25 13:00:40.996000+00:00,bloomberg,2026-01-25 08:00:40.996000-05:00
https://www.bloomberg.com/news/newsletters/2026-01-25/inside-apple-s-ai-shake-up-ai-safari-and-plans-for-new-siri-in-ios-26-4-ios-27-mktqy7xb,2026-01-25 13:00:39.718000+00:00,bloomberg,2026-01-25 08:00:39.718000-05:00
https://www.bloomberg.com/opinion/articles/2026-01-25/rfk-jr-vitamin-crusade-will-outlive-maga,2026-01-25 13:00:38.711000+00:00,bloomberg,2026-01-25 08:00:38.711000-05:00
https://www.bloomberg.com/opinion/articles/2026-01-25/jd-vance-seems-all-too-eager-to-defend-ice,2026-01-25 13:00:36.163000+00:00,bloomberg,2026-01-25 08:00:36.163000-05:00
https://www.nytimes.com/athletic/6995828/2026/01/25/edmonton-oilers-prospects-minors-ahl-2026/,2026-01-25 13:00:33+00:00,nytimes,2026-01-25 08:00:33-05:00
https://www.bloomberg.com/opinion/articles/2026-01-25/cassidy-senate-race-in-louisiana-is-a-test-of-the-gop-s-courage,2026-01-25 13:00:30.754000+00:00,bloomberg,2026-01-25 08:00:30.754000-05:00
https://www.bloomberg.com/news/newsletters/2026-01-25/why-dc-s-brutalist-l-enfant-plaza-may-not-survive-trump-s-second-term,2026-01-25 13:00:01.111000+00:00,bloomberg,2026-01-25 08:00:01.111000-05:00
https://www.forbes.com/sites/juliekratz/2026/01/25/why-validation-is-your-most-overlooked-leadership-superpower/,2026-01-25 13:00:00+00:00,forbes,2026-01-25 08:00:00-05:00
https://www.forbes.com/sites/johnhall/2026/01/25/how-to-identify-the-best-ai-visibility-agency-for-your-brand/,2026-01-25 13:00:00+00:00,forbes,2026-01-25 08:00:00-05:00
https://www.forbes.com/sites/jodiecook/2026/01/25/5-chatgpt-prompts-to-turn-your-expertise-into-a-high-ticket-offer/,2026-01-25 13:00:00+00:00,forbes,2026-01-25 08:00:00-05:00
https://www.forbes.com/sites/hughmcintyre/2026/01/25/morgan-wallens-blockbuster-celebrates-a-familiar-milestone/,2026-01-25 13:00:00+00:00,forbes,2026-01-25 08:00:00-05:00
https://www.forbes.com/sites/christopherelliott/2026/01/25/in-seoul-luxury-hotels-shed-plastic-and-recycle-keycards-to-go-green/,2026-01-25 13:00:00+00:00,forbes,2026-01-25 08:00:00-05:00
https://www.nytimes.com/athletic/6996341/2026/01/25/tennis-australian-open-recap-highlights-day-8/,2026-01-25 12:59:31+00:00,nytimes,2026-01-25 07:59:31-05:00
https://www.nytimes.com/2026/01/25/briefing/a-shooting-in-minneapolis.html,2026-01-25 12:58:34+00:00,nytimes,2026-01-25 07:58:34-05:00
https://www.nytimes.com/athletic/6996884/2026/01/25/mikaela-shiffrin-olympics-world-cup-slalom-spindleruv/,2026-01-25 12:51:16+00:00,nytimes,2026-01-25 07:51:16-05:00
https://www.forbes.com/sites/zakdoffman/2026/01/25/stop-using-this-app-on-your-iphone-warning-issued-for-apple-users/,2026-01-25 12:50:14+00:00,forbes,2026-01-25 07:50:14-05:00
https://www.forbes.com/sites/emilyprice/2026/01/25/the-worst-place-to-store-wine-in-your-home-is-probably-where-its-sitting-right-now/,2026-01-25 12:30:00+00:00,forbes,2026-01-25 07:30:00-05:00
https://www.forbes.com/sites/zakdoffman/2026/01/25/microsoft-confirms-emergency-update-for-millions-of-outlook-users/,2026-01-25 12:17:00+00:00,forbes,2026-01-25 07:17:00-05:00
https://www.businessinsider.com/us-wins-against-russian-chinese-air-defenses-risk-wrong-lessons-2026-1,2026-01-25 12:13:01.376000+00:00,insider,2026-01-25 07:13:01.376000-05:00
https://www.businessinsider.com/empty-nester-found-unqiue-way-connect-sons-college-2026-1,2026-01-25 12:07:01.229000+00:00,insider,2026-01-25 07:07:01.229000-05:00
https://www.nytimes.com/athletic/6990927/2026/01/25/rams-seahawks-nfc-championship-nfl-playoff-records/,2026-01-25 12:05:45+00:00,nytimes,2026-01-25 07:05:45-05:00
https://www.bloomberg.com/news/articles/2026-01-25/starmer-rival-barred-from-contesting-seat-widening-labour-rift,2026-01-25 12:03:34.264000+00:00,bloomberg,2026-01-25 07:03:34.264000-05:00
https://www.nytimes.com/athletic/6996496/2026/01/25/who-is-blades-brown-amex-pga-tournament/,2026-01-25 12:00:57+00:00,nytimes,2026-01-25 07:00:57-05:00
https://www.nytimes.com/athletic/6996694/2026/01/25/derrick-rose-bulls-jersey-retired-no-1/,2026-01-25 12:00:46+00:00,nytimes,2026-01-25 07:00:46-05:00
https://www.nytimes.com/athletic/live-blogs/patriots-vs-broncos-live-score-updates-nfl-playoffs-afc-championship-game-result/seBXB81yUtwW/,2026-01-25 12:00:44+00:00,nytimes,2026-01-25 07:00:44-05:00
https://www.nytimes.com/athletic/6995900/2026/01/25/wrexham-qpr-comeback/,2026-01-25 12:00:07+00:00,nytimes,2026-01-25 07:00:07-05:00
https://www.nytimes.com/athletic/6994493/2026/01/25/nfl-super-bowl-records-team-history/,2026-01-25 12:00:03+00:00,nytimes,2026-01-25 07:00:03-05:00
https://www.forbes.com/sites/quickerbettertech/2026/01/25/small-business-technology-news-ai-use-cases-from-pepsico-wells-fargo-capital-one-tesla-and-others/,2026-01-25 12:00:00+00:00,forbes,2026-01-25 07:00:00-05:00
https://www.forbes.com/sites/shephyken/2026/01/25/customers-dont-want-transparency-they-want-predictability/,2026-01-25 12:00:00+00:00,forbes,2026-01-25 07:00:00-05:00
https://www.forbes.com/sites/bill_stone/2026/01/25/earnings-heat-up-apple-microsoft-meta-and-tesla-headline/,2026-01-25 12:00:00+00:00,forbes,2026-01-25 07:00:00-05:00
https://www.nytimes.com/athletic/live-blogs/arsenal-vs-manchester-united-live-updates-premier-league-score-result/n2NXZUnkqlC7/,2026-01-25 11:52:09+00:00,nytimes,2026-01-25 06:52:09-05:00
https://www.businessinsider.com/bi-today-sunday-newsletter-davos-week-lessons-2026-1,2026-01-25 11:41:01.680000+00:00,insider,2026-01-25 06:41:01.680000-05:00
https://www.forbes.com/sites/digital-assets/2026/01/25/bitcoin-will-take-the-place-of-gold-fed-suddenly-braced-for-a-34-trillion-blackrock-price-surprise/,2026-01-25 11:40:27+00:00,forbes,2026-01-25 06:40:27-05:00
https://www.forbes.com/sites/brucelee/2026/01/25/who-calls-trump-administration-reasons-for-us-withdrawal-untrue/,2026-01-25 11:34:54+00:00,forbes,2026-01-25 06:34:54-05:00
https://www.forbes.com/sites/monicasanders/2026/01/25/world-leaders-meeting-in-davos-tests-political-and-corporate-courage/,2026-01-25 11:30:00+00:00,forbes,2026-01-25 06:30:00-05:00
https://www.nytimes.com/2026/01/25/weather/winter-storm-public-transit-new-york-philadelphia.html,2026-01-25 11:20:56+00:00,nytimes,2026-01-25 06:20:56-05:00
https://www.forbes.com/sites/johnwerner/2026/01/25/mit-technology-review-details-big-tech-trends-for-2026/,2026-01-25 11:19:00+00:00,forbes,2026-01-25 06:19:00-05:00
https://www.nytimes.com/athletic/6995567/2026/01/25/rayan-bournemouth-medical-transfer-vasco/,2026-01-25 11:18:33+00:00,nytimes,2026-01-25 06:18:33-05:00
https://www.businessinsider.com/how-hedge-funds-are-using-prediction-markets-data-2026-1,2026-01-25 11:04:01.227000+00:00,insider,2026-01-25 06:04:01.227000-05:00
https://www.nytimes.com/athletic/6992102/2026/01/25/brady-matthew-keith-tkachuk-olympics-legacy/,2026-01-25 11:00:59+00:00,nytimes,2026-01-25 06:00:59-05:00
https://www.forbes.com/sites/stevebradshaw/2026/01/25/how-to-play-dynasty-fantasy-football/,2026-01-25 11:00:43+00:00,forbes,2026-01-25 06:00:43-05:00
https://www.nytimes.com/athletic/6996602/2026/01/25/bruins-andrew-peeke-nhl-trade-deadline/,2026-01-25 11:00:41+00:00,nytimes,2026-01-25 06:00:41-05:00
https://www.nytimes.com/2026/01/25/opinion/minneapolis-gaza-masked-violence.html,2026-01-25 11:00:30+00:00,nytimes,2026-01-25 06:00:30-05:00
https://www.nytimes.com/2026/01/25/opinion/college-thinking-illiberalism.html,2026-01-25 11:00:25+00:00,nytimes,2026-01-25 06:00:25-05:00
https://www.nytimes.com/athletic/6996379/2026/01/25/penguins-sidney-crosby-nhl-canucks/,2026-01-25 11:00:24+00:00,nytimes,2026-01-25 06:00:24-05:00
https://www.nytimes.com/2026/01/25/opinion/john-kerry-greenland-alliances.html,2026-01-25 11:00:23+00:00,nytimes,2026-01-25 06:00:23-05:00
https://www.nytimes.com/athletic/6996562/2026/01/25/mason-marchment-blue-jackets-hat-trick/,2026-01-25 11:00:23+00:00,nytimes,2026-01-25 06:00:23-05:00
https://www.nytimes.com/athletic/6990228/2026/01/25/patriots-broncos-afc-championship-game-tv-nfl-playoffs/,2026-01-25 11:00:19+00:00,nytimes,2026-01-25 06:00:19-05:00
https://www.nytimes.com/2026/01/25/podcasts/the-daily/the-sunday-daily-we-underestimated-the-neanderthal.html,2026-01-25 11:00:19+00:00,nytimes,2026-01-25 06:00:19-05:00
https://www.nytimes.com/2026/01/25/opinion/trump-arctic-greenland.html,2026-01-25 11:00:17+00:00,nytimes,2026-01-25 06:00:17-05:00
https://www.nytimes.com/2026/01/25/opinion/trump-greenland-venezuela-democracy.html,2026-01-25 11:00:15+00:00,nytimes,2026-01-25 06:00:15-05:00
https://www.nytimes.com/athletic/6995687/2026/01/25/college-basketball-scores-results-takeaways/,2026-01-25 11:00:14+00:00,nytimes,2026-01-25 06:00:14-05:00
https://www.nytimes.com/2026/01/25/crosswords/wordle-review-1682.html,2026-01-25 11:00:10+00:00,nytimes,2026-01-25 06:00:10-05:00
https://www.nytimes.com/2026/01/25/crosswords/connections-companion-960.html,2026-01-25 11:00:08+00:00,nytimes,2026-01-25 06:00:08-05:00
https://www.nytimes.com/2026/01/25/opinion/science-argument-disagreement.html,2026-01-25 11:00:05+00:00,nytimes,2026-01-25 06:00:05-05:00
https://www.nytimes.com/2026/01/25/crosswords/strands-sidekick-694.html,2026-01-25 11:00:04+00:00,nytimes,2026-01-25 06:00:04-05:00
https://www.businessinsider.com/v8-engine-revival-american-automakers-investment-2026-1,2026-01-25 11:00:01.381000+00:00,insider,2026-01-25 06:00:01.381000-05:00
https://www.bloomberg.com/news/articles/2026-01-25/market-on-high-alert-for-yen-intervention-after-takaichi-warning,2026-01-25 11:00:00.001000+00:00,bloomberg,2026-01-25 06:00:00.001000-05:00
https://www.forbes.com/sites/marksparrow/2026/01/25/nuphy-reveals-its-new-node-100-low-profile-keyboard-for-apple-mac-and-windows-users/,2026-01-25 11:00:00+00:00,forbes,2026-01-25 06:00:00-05:00
https://www.forbes.com/sites/chloesorvino/2026/01/23/how-milos-tea-company-brewed-up-a-17-billion-family-fortune/,2026-01-25 11:00:00+00:00,forbes,2026-01-25 06:00:00-05:00
https://www.forbes.com/sites/cynthiapong/2026/01/25/5-chatgpt-prompts-to-turn-your-layoff-into-your-best-career-move-yet/,2026-01-25 11:00:00+00:00,forbes,2026-01-25 06:00:00-05:00
https://www.nytimes.com/athletic/6694758/2026/01/25/nhl-2025-26-stanley-cup-playoff-chances-and-projected-standings/,2026-01-25 10:59:12+00:00,nytimes,2026-01-25 05:59:12-05:00
https://www.businessinsider.com/alexa-co-creator-why-i-quit-amazon-launch-ai-startup-2026-1,2026-01-25 10:57:01.223000+00:00,insider,2026-01-25 05:57:01.223000-05:00
https://www.nytimes.com/live/2026/01/25/us/winter-storm-snow-ice,2026-01-25 10:54:07+00:00,nytimes,2026-01-25 05:54:07-05:00
https://www.businessinsider.com/warren-buffett-life-advice-debt-mistakes-parenting-jobs-interview-berkshire-2026-1,2026-01-25 10:54:01.250000+00:00,insider,2026-01-25 05:54:01.250000-05:00
https://www.businessinsider.com/avid-ebay-shopper-share-their-hacks-finding-clothing-fashion-deals-2026-1,2026-01-25 10:50:01.221000+00:00,insider,2026-01-25 05:50:01.221000-05:00
https://www.businessinsider.com/ey-global-cio-shares-how-he-detects-ai-2026-1,2026-01-25 10:45:01.225000+00:00,insider,2026-01-25 05:45:01.225000-05:00
https://www.businessinsider.com/80-wont-retire-family-grocery-business-working-octogenarian-2026-1,2026-01-25 10:37:01.279000+00:00,insider,2026-01-25 05:37:01.279000-05:00
https://www.businessinsider.com/difficult-boss-deal-with-mistake-career-coach-2026-1,2026-01-25 10:32:01.249000+00:00,insider,2026-01-25 05:32:01.249000-05:00
https://www.businessinsider.com/crunch-ceo-stays-fit-busy-schedule-protein-shakes-pilates-2026-1,2026-01-25 10:31:01.227000+00:00,insider,2026-01-25 05:31:01.227000-05:00
https://www.nytimes.com/athletic/6991438/2026/01/25/nfl-nfc-afc-conference-championship-patriots-broncos-rams-seahawks/,2026-01-25 10:30:07+00:00,nytimes,2026-01-25 05:30:07-05:00
https://www.businessinsider.com/selkirk-sport-barnes-brothers-pickleball-paddles-revenue-idaho-2026-1,2026-01-25 10:30:01.238000+00:00,insider,2026-01-25 05:30:01.238000-05:00
https://www.businessinsider.com/trump-truth-social-posts-nato-macron-private-dms-not-private-2026-1,2026-01-25 10:21:01.229000+00:00,insider,2026-01-25 05:21:01.229000-05:00
https://www.forbes.com/sites/bradjaphe/2026/01/25/the-worlds-best-scotch-according-to-one-of-new-yorks-top-whisky-experts/,2026-01-25 10:19:47+00:00,forbes,2026-01-25 05:19:47-05:00
https://www.businessinsider.com/tesla-stock-market-bubble-elon-musk-evs-tech-george-noble-2026-1,2026-01-25 10:15:01.380000+00:00,insider,2026-01-25 05:15:01.380000-05:00
https://www.forbes.com/sites/davidphelan/2026/01/25/gmail-filters-might-be-broken-as-users-report-inboxes-flooded/,2026-01-25 10:11:02+00:00,forbes,2026-01-25 05:11:02-05:00
https://www.nytimes.com/es/2026/01/25/espanol/america-latina/venezuela-presos-desaparecidos.html,2026-01-25 10:10:14+00:00,nytimes,2026-01-25 05:10:14-05:00
https://www.businessinsider.com/california-millionaire-support-billionaire-wealth-tax-higher-taxation-2026-1,2026-01-25 10:05:01.221000+00:00,insider,2026-01-25 05:05:01.221000-05:00
https://www.nytimes.com/es/2026/01/25/espanol/cultura/terremoto-japon-laca-arte.html,2026-01-25 10:02:58+00:00,nytimes,2026-01-25 05:02:58-05:00
https://www.nytimes.com/es/2026/01/25/espanol/negocios/que-hacer-con-ese-cajon-lleno-de-aparatos-viejos.html,2026-01-25 10:02:43+00:00,nytimes,2026-01-25 05:02:43-05:00
https://www.nytimes.com/es/2026/01/25/espanol/incluso-un-poco-de-ejercicio-puede-mejorar-tu-vida.html,2026-01-25 10:02:43+00:00,nytimes,2026-01-25 05:02:43-05:00
https://www.nytimes.com/2026/01/25/magazine/minneapolis-trump-ice-protests-minnesota.html,2026-01-25 10:02:37+00:00,nytimes,2026-01-25 05:02:37-05:00
https://cooking.nytimes.com/article/comer-sano-cocina-casa,2026-01-25 10:02:35+00:00,nytimes,2026-01-25 05:02:35-05:00
https://www.nytimes.com/2026/01/25/style/morris-katz-political-strategest-mamdani.html,2026-01-25 10:02:28+00:00,nytimes,2026-01-25 05:02:28-05:00
https://www.nytimes.com/2026/01/25/us/politics/trump-ai.html,2026-01-25 10:02:20+00:00,nytimes,2026-01-25 05:02:20-05:00
https://www.nytimes.com/2026/01/25/business/cannabis-thc-alcoholic-beverages.html,2026-01-25 10:02:15+00:00,nytimes,2026-01-25 05:02:15-05:00
https://www.nytimes.com/2026/01/25/world/americas/in-venezuela-families-search-for-relatives-who-are-detained-and-missing.html,2026-01-25 10:02:06+00:00,nytimes,2026-01-25 05:02:06-05:00
https://www.nytimes.com/2026/01/25/realestate/seattle-seahawk-leonard-williams-florida-home.html,2026-01-25 10:02:01+00:00,nytimes,2026-01-25 05:02:01-05:00
https://www.nytimes.com/2026/01/25/arts/robert-burns-portrait-henry-raeburn.html,2026-01-25 10:01:51+00:00,nytimes,2026-01-25 05:01:51-05:00
https://www.nytimes.com/2026/01/25/world/middleeast/iran-how-crackdown-was-done.html,2026-01-25 10:01:11+00:00,nytimes,2026-01-25 05:01:11-05:00
https://www.nytimes.com/athletic/6996656/2026/01/25/madison-keys-and-jessica-pegula-key-to-tennis-push-for-change-meet-at-australian-open/,2026-01-25 10:01:04+00:00,nytimes,2026-01-25 05:01:04-05:00
https://www.businessinsider.com/trump-tax-law-changes-may-mean-bigger-refunds-for-filers-2026-1,2026-01-25 10:01:01.567000+00:00,insider,2026-01-25 05:01:01.567000-05:00
https://www.wsj.com/arts-culture/fine-art/arts-calendar-happenings-for-the-week-of-january-25-airdigital-9b21b0be,2026-01-25 10:01:00+00:00,wsj,2026-01-25 05:01:00-05:00
https://www.nytimes.com/2026/01/25/books/review/discipline-larissa-pham.html,2026-01-25 10:00:59+00:00,nytimes,2026-01-25 05:00:59-05:00
https://www.nytimes.com/2026/01/25/fashion/jewelry-de-beers-london.html,2026-01-25 10:00:54+00:00,nytimes,2026-01-25 05:00:54-05:00
https://www.nytimes.com/2026/01/25/fashion/costume-jewelry-carol-woolton.html,2026-01-25 10:00:53+00:00,nytimes,2026-01-25 05:00:53-05:00
https://www.nytimes.com/2026/01/25/fashion/jewelry-hannah-al-lawati-oman.html,2026-01-25 10:00:47+00:00,nytimes,2026-01-25 05:00:47-05:00
https://www.nytimes.com/2026/01/25/fashion/jewelry-boivin-paris.html,2026-01-25 10:00:46+00:00,nytimes,2026-01-25 05:00:46-05:00
https://www.nytimes.com/2026/01/25/fashion/jewelry-ancient-artifacts.html,2026-01-25 10:00:40+00:00,nytimes,2026-01-25 05:00:40-05:00
https://www.nytimes.com/2026/01/25/fashion/costume-jewelry-haus-of-dizzy-australia.html,2026-01-25 10:00:34+00:00,nytimes,2026-01-25 05:00:34-05:00
https://www.nytimes.com/2026/01/25/fashion/jewelry-industry-growth-middle-east.html,2026-01-25 10:00:32+00:00,nytimes,2026-01-25 05:00:32-05:00
https://www.nytimes.com/2026/01/25/style/the-cult-of-charvet.html,2026-01-25 10:00:25+00:00,nytimes,2026-01-25 05:00:25-05:00
https://www.nytimes.com/2026/01/25/business/mississippi-delta-farmers-rice-prices.html,2026-01-25 10:00:21+00:00,nytimes,2026-01-25 05:00:21-05:00
https://www.nytimes.com/athletic/6996207/2026/01/25/marseille-ethan-nwaneri-debut-goal/,2026-01-25 10:00:11+00:00,nytimes,2026-01-25 05:00:11-05:00
https://www.nytimes.com/2026/01/25/style/the-year-of-manufacturing-the-body-and-booty-and-boobs.html,2026-01-25 10:00:11+00:00,nytimes,2026-01-25 05:00:11-05:00
https://www.nytimes.com/2026/01/25/fashion/fine-jewelry-transformability.html,2026-01-25 10:00:10+00:00,nytimes,2026-01-25 05:00:10-05:00
https://www.forbes.com/sites/kolawolesamueladebayo/2026/01/25/the-ai-driven-future-of-telco-distribution/,2026-01-25 09:57:25+00:00,forbes,2026-01-25 04:57:25-05:00
https://www.businessinsider.com/gilded-age-mansion-sale-new-jersey-crocker-mcmillin-photos-2026-1,2026-01-25 09:57:01.230000+00:00,insider,2026-01-25 04:57:01.230000-05:00
https://www.bloomberg.com/news/articles/2026-01-25/elliott-backed-venture-sues-lloyds-over,2026-01-25 09:44:50.385000+00:00,bloomberg,2026-01-25 04:44:50.385000-05:00
https://www.businessinsider.com/waymo-robotaxis-for-children-parenting-personal-chaffeur-2026-1,2026-01-25 09:44:01.395000+00:00,insider,2026-01-25 04:44:01.395000-05:00
https://www.nytimes.com/athletic/6996824/2026/01/25/australian-open-mensik-out-djokovic-quarterfinals/,2026-01-25 09:39:10+00:00,nytimes,2026-01-25 04:39:10-05:00
https://www.businessinsider.com/harvey-ceo-stress-benefits-silicon-valley-2026-1,2026-01-25 09:39:01.235000+00:00,insider,2026-01-25 04:39:01.235000-05:00
https://www.businessinsider.com/amplitude-ai-native-push-2026-1,2026-01-25 09:30:01.380000+00:00,insider,2026-01-25 04:30:01.380000-05:00
https://www.forbes.com/sites/zakdoffman/2026/01/25/google-starts-upgrading-gmail-millions-of-accounts-now-at-risk/,2026-01-25 09:24:50+00:00,forbes,2026-01-25 04:24:50-05:00
https://www.businessinsider.com/trump-affordability-americans-cheaper-bills-credit-cards-homebuying-mamdani-2026-1,2026-01-25 09:23:01.389000+00:00,insider,2026-01-25 04:23:01.389000-05:00
https://www.businessinsider.com/robotaxi-scaling-real-estate-ev-charging-infrastructure-2026-1,2026-01-25 09:14:01.380000+00:00,insider,2026-01-25 04:14:01.380000-05:00
https://www.nytimes.com/2026/01/25/us/maxwell-alejandro-frost-assaulted-sundance-festival.html,2026-01-25 09:13:57+00:00,nytimes,2026-01-25 04:13:57-05:00
https://www.nytimes.com/2026/01/25/world/asia/japan-takaichi-sumo-gender.html,2026-01-25 09:03:58+00:00,nytimes,2026-01-25 04:03:58-05:00
https://www.bloomberg.com/news/newsletters/2026-01-25/the-trouble-with-the-trump-taco-narrative,2026-01-25 09:00:31.373000+00:00,bloomberg,2026-01-25 04:00:31.373000-05:00
https://www.bloomberg.com/news/articles/2026-01-25/iran-protests-brutal-crackdown-kills-thousands-spreads-fear,2026-01-25 08:30:31.194000+00:00,bloomberg,2026-01-25 03:30:31.194000-05:00
https://www.forbes.com/sites/lanceeliot/2026/01/25/texas-ai-law-gets-underway-with-stern-provisions-to-stop-the-manipulation-of-human-behavior-by-ai/,2026-01-25 08:15:00+00:00,forbes,2026-01-25 03:15:00-05:00
https://www.bloomberg.com/news/articles/2026-01-25/zelenskiy-in-vilnius-for-talks-with-lithuanian-polish-leaders,2026-01-25 08:08:46.590000+00:00,bloomberg,2026-01-25 03:08:46.590000-05:00
https://www.nytimes.com/es/2026/01/25/espanol/calorias.html,2026-01-25 08:00:22+00:00,nytimes,2026-01-25 03:00:22-05:00
https://www.nytimes.com/2026/01/25/nyregion/new-jersey-malinowski-israel-aipac.html,2026-01-25 08:00:12+00:00,nytimes,2026-01-25 03:00:12-05:00
https://www.nytimes.com/es/2026/01/25/espanol/cultura/resena-clika-jaydee.html,2026-01-25 08:00:12+00:00,nytimes,2026-01-25 03:00:12-05:00
https://www.nytimes.com/2026/01/25/nyregion/metropolitan-diary.html,2026-01-25 08:00:06+00:00,nytimes,2026-01-25 03:00:06-05:00
https://www.nytimes.com/2026/01/25/crosswords/spelling-bee-forum.html,2026-01-25 08:00:05+00:00,nytimes,2026-01-25 03:00:05-05:00
https://www.nytimes.com/interactive/2026/01/25/us/pretti-witness-statement-from-doctor.html,2026-01-25 07:55:09+00:00,nytimes,2026-01-25 02:55:09-05:00
https://www.nytimes.com/interactive/2026/01/25/us/govuscourtsmnd22975810701.html,2026-01-25 07:46:49+00:00,nytimes,2026-01-25 02:46:49-05:00
https://www.forbes.com/sites/timtreadgold/2026/01/25/aussie-iron-ore-billionaires-go-for-gold-as-the-price-soars/,2026-01-25 07:21:21+00:00,forbes,2026-01-25 02:21:21-05:00
https://www.forbes.com/sites/juancarlosblanco/2026/01/25/afc-championship-same-game-parlay-patriots-vs-broncos/,2026-01-25 07:11:41+00:00,forbes,2026-01-25 02:11:41-05:00
https://www.nytimes.com/athletic/6995571/2026/01/25/liverpool-bournemouth-premier-league-analysis/,2026-01-25 07:01:51+00:00,nytimes,2026-01-25 02:01:51-05:00
https://www.bloomberg.com/opinion/articles/2026-01-25/trump-is-a-lot-like-kaiser-wilhelm-vanity-itself,2026-01-25 07:00:30.962000+00:00,bloomberg,2026-01-25 02:00:30.962000-05:00
https://www.nytimes.com/es/2026/01/25/espanol/mundo/groenlandia-lecciones-europa-trump.html,2026-01-25 07:00:06+00:00,nytimes,2026-01-25 02:00:06-05:00
https://www.forbes.com/sites/jamiecartereurope/2026/01/25/the-five-must-see-meteor-showers-of-2026---according-to-an-expert/,2026-01-25 07:00:00+00:00,forbes,2026-01-25 02:00:00-05:00
https://www.nytimes.com/athletic/6996737/2026/01/25/wild-fall-to-defending-champ-panthers-overtime-takeaways/,2026-01-25 06:58:28+00:00,nytimes,2026-01-25 01:58:28-05:00
https://www.forbes.com/sites/olliebarder/2026/01/25/dragon-ball-celebrates-40th-anniversary-with-video-scored-by-hans-zimmer/,2026-01-25 06:47:55+00:00,forbes,2026-01-25 01:47:55-05:00
https://www.forbes.com/sites/brianmazique/2026/01/25/ufc-324-results-bonus-winners-highlights-and-finishes/,2026-01-25 06:00:16+00:00,forbes,2026-01-25 01:00:16-05:00
https://www.nytimes.com/es/2026/01/25/espanol/cultura/oscar-2026-sorpresas-snubs.html,2026-01-25 06:00:14+00:00,nytimes,2026-01-25 01:00:14-05:00
https://www.nytimes.com/2026/01/25/opinion/trump-carney-davos-canada-greenland.html,2026-01-25 06:00:12+00:00,nytimes,2026-01-25 01:00:12-05:00
https://www.nytimes.com/2026/01/25/opinion/ice-rage-identity.html,2026-01-25 06:00:05+00:00,nytimes,2026-01-25 01:00:05-05:00
https://www.forbes.com/sites/saharhashmi/2026/01/25/chatgpt-health-a-bridge-over-the-emr-divide---or-another-island-in-the-archipelago/,2026-01-25 05:39:17+00:00,forbes,2026-01-25 00:39:17-05:00
https://www.nytimes.com/athletic/6992430/2026/01/25/frank-tottenham-burnley/,2026-01-25 05:23:45+00:00,nytimes,2026-01-25 00:23:45-05:00
https://www.nytimes.com/athletic/6995991/2026/01/25/haaland-man-city-left-out-wolves/,2026-01-25 05:23:35+00:00,nytimes,2026-01-25 00:23:35-05:00
https://www.nytimes.com/athletic/6995917/2026/01/25/chelsea-arsenal-wsl-title-race/,2026-01-25 05:23:30+00:00,nytimes,2026-01-25 00:23:30-05:00
https://www.nytimes.com/athletic/6996027/2026/01/25/edwards-expects-late-action-for-wolves-in-transfer-window-but-its-a-delicate-balance/,2026-01-25 05:22:31+00:00,nytimes,2026-01-25 00:22:31-05:00
https://www.nytimes.com/athletic/6995827/2026/01/25/west-ham-attacking-improvement-defensive-issues/,2026-01-25 05:20:37+00:00,nytimes,2026-01-25 00:20:37-05:00
https://www.nytimes.com/athletic/6988950/2026/01/25/appointing-caretaker-manager/,2026-01-25 05:15:35+00:00,nytimes,2026-01-25 00:15:35-05:00
https://www.nytimes.com/athletic/6991043/2026/01/25/arsenal-man-united-sesko-gyokeres/,2026-01-25 05:13:27+00:00,nytimes,2026-01-25 00:13:27-05:00
https://www.nytimes.com/athletic/6996596/2026/01/25/jb-bickerstaff-pistons-coach-nba-all-star-game/,2026-01-25 05:07:21+00:00,nytimes,2026-01-25 00:07:21-05:00
https://www.nytimes.com/athletic/6995798/2026/01/25/beth-mead-still-has-huge-value-to-arsenal-despite-questions-over-her-future/,2026-01-25 05:05:48+00:00,nytimes,2026-01-25 00:05:48-05:00
https://www.nytimes.com/athletic/6993634/2026/01/25/how-france-won-1998-world-cup/,2026-01-25 05:05:46+00:00,nytimes,2026-01-25 00:05:46-05:00
https://www.nytimes.com/2026/01/25/theater/marc-shaiman-hairspray-memoir.html,2026-01-25 05:01:21+00:00,nytimes,2026-01-25 00:01:21-05:00
https://www.nytimes.com/2026/01/25/pageoneplus/quote-of-the-day-trump-pushes-ai-data-centers-but-one-in-alabama-gets-cool-response.html,2026-01-25 05:01:10+00:00,nytimes,2026-01-25 00:01:10-05:00
https://www.nytimes.com/2026/01/25/world/europe/the-woman-who-stands-between-donald-trump-and-greenland.html,2026-01-25 05:01:08+00:00,nytimes,2026-01-25 00:01:08-05:00
https://www.nytimes.com/2026/01/25/world/europe/philippe-collin-france-podcast-history-world-war-ii.html,2026-01-25 05:01:08+00:00,nytimes,2026-01-25 00:01:08-05:00
https://www.nytimes.com/2026/01/25/world/europe/mette-frederiksen-denmark-greenland.html,2026-01-25 05:01:08+00:00,nytimes,2026-01-25 00:01:08-05:00
https://www.nytimes.com/athletic/6995669/2026/01/25/connections-sports-edition-hints-for-jan-25-2026/,2026-01-25 05:00:59+00:00,nytimes,2026-01-25 00:00:59-05:00
https://www.nytimes.com/athletic/6994222/2026/01/25/the-athletic-show-brady-tkachuk-team-usa-olympics-hockey/,2026-01-25 05:00:28+00:00,nytimes,2026-01-25 00:00:28-05:00
https://www.nytimes.com/2026/01/25/pageoneplus/no-corrections-appeared-in-print-on-sunday-jan-25-2026.html,2026-01-25 05:00:02+00:00,nytimes,2026-01-25 00:00:02-05:00
