url,date
https://www.nytimes.com/athletic/6900101/2025/12/18/dinosaur-footprints-near-milan-cortina-olympic-sites/,2025-12-18 19:18:40+00:00
https://www.nytimes.com/athletic/6900166/2025/12/18/puka-nacua-apology-rams-adin-ross-stream/,2025-12-18 19:14:39+00:00
https://www.nytimes.com/athletic/6894666/2025/12/17/fantasy-football-rankings-week-16-sleepers-starts-surprise-best-playoff-performances/,2025-12-18 19:13:41+00:00
https://www.nytimes.com/live/2025/12/18/us/trump-news,2025-12-18 19:13:28+00:00
https://www.nytimes.com/2025/12/18/business/energy-environment/factorial-electric-vehicle-battery-spac.html,2025-12-18 19:13:10+00:00
https://www.nytimes.com/2025/12/18/business/bp-new-ceo-oil.html,2025-12-18 19:08:51+00:00
https://www.nytimes.com/2025/12/18/us/politics/trump-marijuana-reclassify-order.html,2025-12-18 19:06:48+00:00
https://www.nytimes.com/2025/12/18/movies/cover-up-review-seymour-hersh.html,2025-12-18 19:06:36+00:00
https://www.nytimes.com/2025/12/18/health/trump-gender-affirming-care-funding.html,2025-12-18 19:03:57+00:00
https://www.nytimes.com/2025/12/18/business/trump-immigrants-trucks.html,2025-12-18 19:03:07+00:00
https://www.nytimes.com/athletic/6900016/2025/12/18/cowboys-matt-eberflus-defense-coaching-booth/,2025-12-18 19:02:12+00:00
https://www.nytimes.com/2025/12/18/business/trump-media-tae-technologies-fusion-power-deal.html,2025-12-18 19:01:29+00:00
https://www.nytimes.com/2025/12/18/us/cardinal-timothy-dolan-archbishop-catholicism.html,2025-12-18 19:00:51+00:00
https://www.nytimes.com/2025/12/18/your-money/early-decision-financial-aid-college-university.html,2025-12-18 18:52:16+00:00
https://www.nytimes.com/2025/12/18/nyregion/atlantic-city-mayor-not-guilty.html,2025-12-18 18:51:03+00:00
https://www.nytimes.com/athletic/6897134/2025/12/18/quinn-hughes-wild-hockey-nerd/,2025-12-18 18:50:58+00:00
https://www.nytimes.com/athletic/6895151/2025/12/17/eagles-jalen-hurts-injury-playoffs/,2025-12-18 18:50:39+00:00
https://www.nytimes.com/2025/12/18/world/europe/putin-russia-ukraine.html,2025-12-18 18:48:33+00:00
https://www.nytimes.com/athletic/6894779/2025/12/18/nfl-week-16-picks-predictions-betting-2025/,2025-12-18 18:47:15+00:00
https://www.nytimes.com/athletic/6896750/2025/12/18/eagles-expanding-under-center-offense/,2025-12-18 18:45:18+00:00
https://www.nytimes.com/athletic/6899642/2025/12/18/plane-crash-greg-biffle-nascar-driver/,2025-12-18 18:40:34+00:00
https://www.nytimes.com/2025/12/18/us/jeffrey-epstein-donald-trump.html,2025-12-18 18:39:46+00:00
https://www.nytimes.com/athletic/6899582/2025/12/18/tarik-skubal-paul-skenes-team-usa-rotation-wbc-2026/,2025-12-18 18:38:40+00:00
https://www.nytimes.com/2025/12/18/us/statesville-plane-crash-north-carolina.html,2025-12-18 18:30:52+00:00
https://www.nytimes.com/2025/12/18/nyregion/mamdani-city-council-housing.html,2025-12-18 18:30:16+00:00
https://www.nytimes.com/2025/12/17/world/peter-arnett-dead.html,2025-12-18 18:28:02+00:00
https://www.nytimes.com/2025/12/18/opinion/trump-obama-drone-strikes-illegal.html,2025-12-18 18:25:50+00:00
https://www.nytimes.com/2025/12/18/nyregion/nyc-subway-mta-safety-low-crime.html,2025-12-18 18:23:27+00:00
https://www.nytimes.com/athletic/6899797/2025/12/18/dodgers-world-series-posteason-share-amounts/,2025-12-18 18:10:09+00:00
https://www.nytimes.com/athletic/6899696/2025/12/18/colombia-football-violence-medellin/,2025-12-18 18:08:28+00:00
https://www.nytimes.com/athletic/6899742/2025/12/18/anthony-richardson-practice-return-injury-colts/,2025-12-18 18:04:37+00:00
https://www.nytimes.com/athletic/6899664/2025/12/18/missouri-beau-pribula-enter-transfer-portal/,2025-12-18 18:03:16+00:00
https://www.nytimes.com/2025/12/18/us/politics/health-care-gop.html,2025-12-18 17:55:02+00:00
https://www.nytimes.com/2025/12/18/movies/avatar-fire-and-ash-review.html,2025-12-18 17:52:06+00:00
https://www.nytimes.com/2025/12/17/us/australia-hate-speech-legislation.html,2025-12-18 17:51:54+00:00
https://www.nytimes.com/2025/12/17/dining/dip-for-dinner-holiday-edition.html,2025-12-18 17:46:36+00:00
https://www.nytimes.com/athletic/6899487/2025/12/18/wnba-cba-breanna-stewart-adam-silver/,2025-12-18 17:45:52+00:00
https://www.nytimes.com/athletic/6899917/2025/12/18/college-football-playoff-teams-2025-until-saturday/,2025-12-18 17:45:10+00:00
https://www.nytimes.com/athletic/6897297/2025/12/18/nba-expansion-seattle-adam-silver/,2025-12-18 17:44:35+00:00
https://www.nytimes.com/2025/12/18/opinion/bondi-beach-uvalde-parkland-courage.html,2025-12-18 17:43:54+00:00
https://www.nytimes.com/interactive/2025/12/17/theater/wicked-movies-broadway-earnings.html,2025-12-18 17:43:53+00:00
https://www.nytimes.com/athletic/6894423/2025/12/16/comeback-timeline-patrick-mahomes-micah-parsons/,2025-12-18 17:42:20+00:00
https://www.nytimes.com/athletic/6895072/2025/12/16/packers-injuries-parsons-watson-jacobs-bears/,2025-12-18 17:39:35+00:00
https://www.nytimes.com/2025/12/17/crosswords/daily-puzzle-2025-12-18.html,2025-12-18 17:39:02+00:00
https://www.nytimes.com/2025/12/18/world/asia/japan-china-pandas.html,2025-12-18 17:38:20+00:00
https://www.nytimes.com/2025/12/18/us/politics/dnc-2024-autopsy-democrats-ken-martin.html,2025-12-18 17:34:11+00:00
https://www.nytimes.com/2025/12/18/nyregion/zohran-mamdani-sherif-soliman-omb.html,2025-12-18 17:33:12+00:00
https://www.nytimes.com/athletic/6897097/2025/12/18/quarterback-tiers-2025-mahomes-burrow-lamar-jackson/,2025-12-18 17:25:13+00:00
https://www.nytimes.com/es/2025/12/18/espanol/opinion/regalos-inolvidables-navidad.html,2025-12-18 17:24:57+00:00
https://www.nytimes.com/interactive/2025/world/year-in-pictures.html,2025-12-18 17:21:53+00:00
https://www.nytimes.com/2025/12/17/magazine/objects-they-loved-2025.html,2025-12-18 17:21:46+00:00
https://www.nytimes.com/es/2025/12/18/espanol/estados-unidos/discurso-nacion-trump.html,2025-12-18 17:19:54+00:00
https://www.nytimes.com/2025/12/18/world/africa/sudan-rsf-attack-darfur-un.html,2025-12-18 17:17:42+00:00
https://www.nytimes.com/athletic/6899724/2025/12/18/gabriel-jesus-title-arsenal-acl-injury/,2025-12-18 17:14:59+00:00
https://www.nytimes.com/2025/12/18/us/politics/howard-lutnick-conflicts-inspector-general.html,2025-12-18 17:14:39+00:00
https://www.nytimes.com/2025/12/18/dining/ski-chalets.html,2025-12-18 17:09:17+00:00
https://www.nytimes.com/athletic/6896755/2025/12/18/pep-guardiola-maresca-manchester-city-legacy/,2025-12-18 17:00:46+00:00
https://www.nytimes.com/2025/12/18/podcasts/rob-reiner-made-your-favorite-movie.html,2025-12-18 16:58:52+00:00
https://www.nytimes.com/2025/12/18/world/europe/france-anesthesiologist-fatal-poisoning.html,2025-12-18 16:58:29+00:00
https://www.nytimes.com/es/2025/12/18/espanol/america-latina/trump-petroleo-venezuela.html,2025-12-18 16:50:44+00:00
https://www.nytimes.com/athletic/6899400/2025/12/18/plane-crash-government-liability-figure-skaters-olympics/,2025-12-18 16:46:05+00:00
https://www.nytimes.com/2025/12/18/world/middleeast/iran-pezeshkian-domestic-foreign-crises.html,2025-12-18 16:45:56+00:00
https://www.nytimes.com/athletic/6899520/2025/12/18/ncaa-transfer-portal-kalshi-prediction-markets/,2025-12-18 16:43:43+00:00
https://www.nytimes.com/athletic/6899454/2025/12/18/kevin-garnett-timberwolves-off-court-role/,2025-12-18 16:42:01+00:00
https://www.nytimes.com/athletic/6757612/2025/12/18/josh-irving-basketball-texas-am-eaton-fire/,2025-12-18 16:37:09+00:00
https://www.nytimes.com/2025/12/18/world/europe/ukraine-zelensky-russia-putin.html,2025-12-18 16:35:19+00:00
https://www.nytimes.com/athletic/6899680/2025/12/18/hawks-vs-hornets-stream-how-to-watch-dec-18/,2025-12-18 16:28:16+00:00
https://www.nytimes.com/2025/12/18/nyregion/grant-wood-american-gothic-sketch.html,2025-12-18 16:27:15+00:00
https://www.nytimes.com/2025/12/18/world/europe/russia-eu-ukraine-frozen-assets.html,2025-12-18 16:27:14+00:00
https://www.nytimes.com/athletic/6899675/2025/12/18/oilers-vs-bruins-stream-how-to-watch-dec-18/,2025-12-18 16:27:07+00:00
https://www.nytimes.com/athletic/6899673/2025/12/18/blackhawks-vs-canadiens-stream-how-to-watch-dec-18/,2025-12-18 16:26:57+00:00
https://www.nytimes.com/athletic/6899671/2025/12/18/knicks-vs-pacers-stream-how-to-watch-dec-18/,2025-12-18 16:26:01+00:00
https://www.nytimes.com/athletic/6899667/2025/12/18/maple-leafs-vs-capitals-stream-how-to-watch-dec-18/,2025-12-18 16:25:46+00:00
https://www.nytimes.com/2025/12/17/podcasts/the-daily/rob-reiner-death-legacy.html,2025-12-18 16:25:34+00:00
https://www.nytimes.com/athletic/6899662/2025/12/18/wild-vs-blue-jackets-stream-how-to-watch-dec-18/,2025-12-18 16:25:16+00:00
https://www.nytimes.com/athletic/6899658/2025/12/18/kings-vs-lightning-stream-how-to-watch-dec-18/,2025-12-18 16:24:29+00:00
https://www.nytimes.com/athletic/6899654/2025/12/18/penguins-vs-senators-stream-how-to-watch-dec-18/,2025-12-18 16:24:13+00:00
https://www.nytimes.com/athletic/6899617/2025/12/18/free-agency-signings-31-year-old-gm-the-windup/,2025-12-18 16:22:35+00:00
https://www.nytimes.com/2025/12/17/nyregion/medical-dying-assisted-suicide-hochul.html,2025-12-18 16:22:21+00:00
https://www.nytimes.com/2025/12/18/opinion/democrats-liberals-oil-gas-industry.html,2025-12-18 16:21:40+00:00
https://www.nytimes.com/live/2025/12/18/business/cpi-inflation-tariffs-fed,2025-12-18 16:21:02+00:00
https://www.nytimes.com/2025/12/18/business/economy/inflation-cpi-interest-rates.html,2025-12-18 16:20:00+00:00
https://www.nytimes.com/athletic/6895108/2025/12/16/how-to-watch-steelers-vs-lions-tv-channel-and-streaming-options-for-december-21/,2025-12-18 16:18:58+00:00
https://www.nytimes.com/athletic/6894508/2025/12/16/how-to-watch-bills-vs-browns-tv-channel-and-streaming-options-for-december-21/,2025-12-18 16:18:17+00:00
https://www.nytimes.com/athletic/6895784/2025/12/17/how-to-watch-patriots-vs-ravens-tv-channel-and-streaming-options-for-december-21/,2025-12-18 16:17:41+00:00
https://www.nytimes.com/2025/12/18/t-magazine/carsten-holler-carousel-st-moritz.html,2025-12-18 16:17:27+00:00
https://www.nytimes.com/athletic/6898887/2025/12/18/how-to-watch-49ers-vs-colts-tv-channel-and-streaming-options-for-december-22/,2025-12-18 16:17:21+00:00
https://www.nytimes.com/athletic/6894574/2025/12/16/how-to-watch-jets-vs-saints-tv-channel-and-streaming-options-for-december-21/,2025-12-18 16:16:55+00:00
https://www.nytimes.com/2025/12/17/climate/national-center-for-atmospheric-research-trump.html,2025-12-18 16:16:48+00:00
https://www.nytimes.com/athletic/6895160/2025/12/16/how-to-watch-raiders-vs-texans-tv-channel-and-streaming-options-for-december-21/,2025-12-18 16:16:04+00:00
https://www.nytimes.com/2025/12/18/nyregion/nyc-street-vendor-permits-cap-raised.html,2025-12-18 16:15:48+00:00
https://www.nytimes.com/athletic/6895129/2025/12/16/how-to-watch-falcons-vs-cardinals-tv-channel-and-streaming-options-for-december-21/,2025-12-18 16:15:42+00:00
https://www.nytimes.com/2025/12/18/dining/nyc-restaurant-prices-luxury-menus.html,2025-12-18 16:15:38+00:00
https://www.nytimes.com/athletic/6899616/2025/12/18/south-carolina-vs-south-florida-stream-how-to-watch-dec-18/,2025-12-18 16:15:19+00:00
https://www.nytimes.com/interactive/2025/12/16/magazine/dwayne-wiggins-music.html,2025-12-18 16:14:47+00:00
https://www.nytimes.com/interactive/2025/12/16/magazine/angie-stone-music.html,2025-12-18 16:14:46+00:00
https://www.nytimes.com/interactive/2025/12/16/magazine/michelle-trachtenberg-actor.html,2025-12-18 16:14:46+00:00
https://www.nytimes.com/interactive/2025/12/16/magazine/norma-swenson-our-bodies-our-selves.html,2025-12-18 16:14:46+00:00
https://www.nytimes.com/interactive/2025/12/16/magazine/jill-sobule-music.html,2025-12-18 16:14:46+00:00
https://www.nytimes.com/interactive/2025/12/16/magazine/assata-shakur-activist.html,2025-12-18 16:14:45+00:00
https://www.nytimes.com/interactive/2025/12/16/magazine/marcia-marcus-artist-painter.html,2025-12-18 16:14:45+00:00
https://www.nytimes.com/interactive/2025/12/16/magazine/david-lynch-director.html,2025-12-18 16:14:45+00:00
https://www.nytimes.com/interactive/2025/12/16/magazine/robert-jay-lifton-hiroshima.html,2025-12-18 16:14:45+00:00
https://www.nytimes.com/interactive/2025/12/16/magazine/diane-keaton-actor-motherhood.html,2025-12-18 16:14:45+00:00
https://www.nytimes.com/interactive/2025/12/16/magazine/kanzi-bonobo-english.html,2025-12-18 16:14:45+00:00
https://www.nytimes.com/interactive/2025/12/16/magazine/terence-stamp-actor.html,2025-12-18 16:14:45+00:00
https://www.nytimes.com/interactive/2025/12/16/magazine/mabel-landry-staton-olympics.html,2025-12-18 16:14:45+00:00
https://www.nytimes.com/interactive/2025/12/16/magazine/anna-ornstein-psychoanalyst-holocaust.html,2025-12-18 16:14:45+00:00
https://www.nytimes.com/interactive/2025/12/16/magazine/clint-hill-jfk-secret-service.html,2025-12-18 16:14:44+00:00
https://www.nytimes.com/interactive/2025/12/16/magazine/agnes-gund-painting-philanthropy.html,2025-12-18 16:14:44+00:00
https://www.nytimes.com/interactive/2025/12/16/magazine/jane-goodall-chimpanzees.html,2025-12-18 16:14:44+00:00
https://www.nytimes.com/interactive/2025/12/16/magazine/thomas-sayers-ellis-poet.html,2025-12-18 16:14:43+00:00
https://www.nytimes.com/interactive/2025/12/16/magazine/celebrity-artist-deaths-2025.html,2025-12-18 16:14:43+00:00
https://www.nytimes.com/interactive/2025/12/16/magazine/george-foreman-boxing.html,2025-12-18 16:14:43+00:00
https://www.nytimes.com/interactive/2025/12/16/magazine/roberta-flack-pop-music.html,2025-12-18 16:14:43+00:00
https://www.nytimes.com/interactive/2025/12/16/magazine/ranger-doug-follett-glacier.html,2025-12-18 16:14:43+00:00
https://www.nytimes.com/interactive/2025/12/16/magazine/max-frankel-editor.html,2025-12-18 16:14:43+00:00
https://www.nytimes.com/interactive/2025/12/16/magazine/derek-humphry-right-to-die.html,2025-12-18 16:14:43+00:00
https://www.nytimes.com/athletic/6899614/2025/12/18/norfolk-state-vs-ohio-state-stream-how-to-watch-dec-18/,2025-12-18 16:14:43+00:00
https://www.nytimes.com/athletic/6894577/2025/12/16/how-to-watch-buccaneers-vs-panthers-tv-channel-and-streaming-options-for-december-21/,2025-12-18 16:14:27+00:00
https://www.nytimes.com/athletic/6894510/2025/12/16/how-to-watch-chiefs-vs-titans-tv-channel-and-streaming-options-for-december-21/,2025-12-18 16:13:51+00:00
https://www.nytimes.com/athletic/6894553/2025/12/16/how-to-watch-chargers-vs-cowboys-tv-channel-and-streaming-options-for-december-21/,2025-12-18 16:12:54+00:00
https://www.nytimes.com/athletic/6894548/2025/12/16/how-to-watch-bengals-vs-dolphins-tv-channel-and-streaming-options-for-december-21/,2025-12-18 16:12:52+00:00
https://www.nytimes.com/athletic/6894543/2025/12/16/how-to-watch-vikings-vs-giants-tv-channel-and-streaming-options-for-december-21/,2025-12-18 16:12:01+00:00
https://www.nytimes.com/athletic/6895146/2025/12/16/how-to-watch-jaguars-vs-broncos-tv-channel-and-streaming-options-for-december-21/,2025-12-18 16:11:16+00:00
https://www.nytimes.com/2025/12/18/opinion/the-conversation-trump-presidency-anxiety.html,2025-12-18 16:10:58+00:00
https://www.nytimes.com/2025/12/18/arts/rob-reiner-north-movie.html,2025-12-18 16:07:44+00:00
https://www.nytimes.com/2025/12/18/business/dealbook/affordability-crisis-trump.html,2025-12-18 16:06:49+00:00
https://www.nytimes.com/athletic/6897180/2025/12/18/nfl-trends-week-16-acl-tear-comebacks-brady-peterson/,2025-12-18 16:03:12+00:00
https://www.nytimes.com/athletic/6895745/2025/12/18/vancouver-canucks-zeev-buium-quinn-hughes-max-sasson/,2025-12-18 16:00:27+00:00
https://www.nytimes.com/2025/12/18/dining/sticky-coconut-chicken-and-rice-one-pot-and-pretty-perfect.html,2025-12-18 16:00:05+00:00
https://www.nytimes.com/athletic/6891435/2025/12/18/week-16-nfl-playoff-picture-a-team-by-team-look-at-every-possible-scenario/,2025-12-18 15:57:49+00:00
https://www.nytimes.com/2025/12/18/style/luigi-mangione-court-hearings-suits.html,2025-12-18 15:51:31+00:00
https://www.nytimes.com/athletic/6899515/2025/12/18/the-bounce-nba-expansion-seattle-las-egas-dillon-brooks/,2025-12-18 15:46:49+00:00
https://www.nytimes.com/athletic/6894263/2025/12/17/rams-seahawks-49ers-playoff-odds-nfc-west/,2025-12-18 15:43:01+00:00
https://www.nytimes.com/2025/12/18/arts/design/nicole-eisenman-review.html,2025-12-18 15:42:37+00:00
https://www.nytimes.com/athletic/6898328/2025/12/18/nba-expansion-divisions-realignment-adam-silver/,2025-12-18 15:36:45+00:00
https://www.nytimes.com/athletic/6899402/2025/12/18/mlb-offseason-diamondbacks-rays-cardinals-free-agency-trades/,2025-12-18 15:33:46+00:00
https://www.nytimes.com/athletic/6894693/2025/12/18/rams-seahawks-playoffs-davante-adams-injury-jsn-record/,2025-12-18 15:32:58+00:00
https://www.nytimes.com/2025/12/18/books/most-saved-books.html,2025-12-18 15:26:13+00:00
https://www.nytimes.com/athletic/6894456/2025/12/16/dolphins-qb-change-tua-tagovailoa-mnf-mike-mcdaniel/,2025-12-18 15:24:14+00:00
https://www.nytimes.com/athletic/6896608/2025/12/17/tua-tagovailoa-benched-dolphins-quinn-ewers/,2025-12-18 15:22:44+00:00
https://www.nytimes.com/2025/12/18/business/britain-interest-rates-economy.html,2025-12-18 15:22:21+00:00
https://www.nytimes.com/2025/12/18/us/palo-alto-billionaire-compound-law.html,2025-12-18 15:21:28+00:00
https://www.nytimes.com/athletic/6896751/2025/12/17/quinn-ewers-miami-dolphins/,2025-12-18 15:20:46+00:00
https://www.nytimes.com/2025/12/17/opinion/communities-fund-uja-federation-new-york.html,2025-12-18 15:20:46+00:00
https://www.nytimes.com/athletic/6899445/2025/12/18/will-wade-nc-state-cbb/,2025-12-18 15:20:23+00:00
https://www.nytimes.com/2025/12/17/science/nasa-jared-isaacman-confirmed-senate.html,2025-12-18 15:17:39+00:00
https://www.nytimes.com/athletic/6897793/2025/12/17/dolphins-bench-tua-tagovailoa-aaron-rodgers-giants-titans-raiders/,2025-12-18 15:17:34+00:00
https://www.nytimes.com/athletic/6894620/2025/12/18/fantasy-football-injuries-inactives-cheat-sheet-week-16/,2025-12-18 15:11:52+00:00
https://www.nytimes.com/athletic/6899370/2025/12/18/nba-martha-stewart-jalen-brunson-broken-toe/,2025-12-18 15:11:38+00:00
https://www.nytimes.com/2025/12/18/world/asia/australia-matilda-funeral-bondi-shooting.html,2025-12-18 15:10:09+00:00
https://www.nytimes.com/athletic/6897881/2025/12/17/micah-parsons-jeff-hafley-packers-sacks/,2025-12-18 15:09:26+00:00
https://www.nytimes.com/2025/12/18/nyregion/nyc-food-budgets.html,2025-12-18 15:00:06+00:00
https://www.nytimes.com/2025/12/18/us/rob-reiner-family-murder-addiction.html,2025-12-18 14:56:01+00:00
https://www.nytimes.com/es/2025/12/18/espanol/estados-unidos/ataque-26-eeuu-mar.html,2025-12-18 14:55:13+00:00
https://www.nytimes.com/2025/12/18/us/trump-address-warrior-dividend-military-check-1776.html,2025-12-18 14:46:44+00:00
https://www.nytimes.com/athletic/6897664/2025/12/18/cfp-quarterback-rankings-fernando-mendoza/,2025-12-18 14:46:22+00:00
https://www.nytimes.com/2025/12/18/learning/lesson-plans/ask-a-journalist-reporting-on-youth-trends-with-data-and-graphics.html,2025-12-18 14:43:46+00:00
https://www.nytimes.com/athletic/6694758/2025/12/17/nhl-2025-26-stanley-cup-playoff-chances-and-projected-standings/,2025-12-18 14:41:50+00:00
https://www.nytimes.com/2025/12/18/style/coldplay-concert-couple-kiss-cam-woman.html,2025-12-18 14:41:48+00:00
https://www.nytimes.com/athletic/6899053/2025/12/18/west-ham-sack-rehanne-skinner/,2025-12-18 14:39:24+00:00
https://www.nytimes.com/card/2025/12/18/nyregion/nyc-hotel-conversion,2025-12-18 14:38:00+00:00
https://www.nytimes.com/athletic/6899194/2025/12/18/oliver-rioux-florida-first-basket-dunk/,2025-12-18 14:23:31+00:00
https://www.nytimes.com/2025/12/18/us/bishop-ronald-hicks-cardinal-timothy-dolan-archbishop-new-york.html,2025-12-18 14:21:40+00:00
https://www.nytimes.com/2025/12/18/movies/counting-crows-have-you-seen-me-lately-review.html,2025-12-18 14:13:12+00:00
https://www.nytimes.com/2025/12/17/us/politics/venezuela-blockade-military-escort-trump.html,2025-12-18 14:13:08+00:00
https://www.nytimes.com/athletic/6894134/2025/12/18/cooper-flagg-lebron-james-record-nba-mavericks-lakers/,2025-12-18 14:02:04+00:00
https://www.nytimes.com/2025/12/18/opinion/trump-judges-attacks-rhetoric.html,2025-12-18 13:56:02+00:00
https://www.nytimes.com/athletic/6898554/2025/12/18/chicago-cubs-relief-market-pivot/,2025-12-18 13:51:59+00:00
https://www.nytimes.com/athletic/6898963/2025/12/18/mario-pineida-ecuador-footballer-death/,2025-12-18 13:40:34+00:00
https://www.nytimes.com/athletic/6894253/2025/12/18/formula-1-team-grades-2025/,2025-12-18 13:40:30+00:00
https://www.nytimes.com/athletic/6896965/2025/12/18/fabregas-senegal-diao-afcon-squad-news/,2025-12-18 13:40:24+00:00
https://www.nytimes.com/2025/12/17/world/europe/finland-scandal-beauty-queen-china-racist.html,2025-12-18 13:37:17+00:00
https://www.nytimes.com/2025/12/18/learning/how-should-parents-talk-to-their-children-about-wealth-inequality.html,2025-12-18 13:31:43+00:00
https://www.nytimes.com/2025/12/18/podcasts/the-headlines/trump-address-right-to-die-movement.html,2025-12-18 13:28:38+00:00
https://www.nytimes.com/athletic/6893960/2025/12/18/ny-giants-misery-brian-daboll-jaxson-dart-misery/,2025-12-18 13:27:46+00:00
https://www.nytimes.com/athletic/6897605/2025/12/17/minnesota-twins-tom-pohlad-ownership-developments/,2025-12-18 13:25:38+00:00
https://www.nytimes.com/2025/12/17/world/syria-militant-us-venezuela.html,2025-12-18 13:24:37+00:00
https://www.nytimes.com/2025/12/17/us/politics/dc-plane-crash-government-liability.html,2025-12-18 13:23:51+00:00
https://www.nytimes.com/athletic/6898463/2025/12/18/pep-guardiola-manchester-city-legacy/,2025-12-18 13:16:51+00:00
https://www.nytimes.com/athletic/6895083/2025/12/18/rams-seahawks-thursday-night-football/,2025-12-18 13:12:30+00:00
https://www.nytimes.com/2025/12/18/us/politics/trump-address-nation-takeaways.html,2025-12-18 13:09:51+00:00
https://www.nytimes.com/athletic/6898939/2025/12/18/womens-champions-league-arsenal-chelsea-man-utd/,2025-12-18 13:09:22+00:00
https://www.nytimes.com/athletic/6896778/2025/12/18/pep-guardiola-man-city-enzo-maresca/,2025-12-18 13:05:05+00:00
https://www.nytimes.com/athletic/6897608/2025/12/18/nebraska-volleyball-merritt-beason/,2025-12-18 13:00:59+00:00
https://www.nytimes.com/athletic/6896929/2025/12/18/dodgers-edwin-diaz-teoscar-hernandez/,2025-12-18 13:00:47+00:00
https://www.nytimes.com/athletic/6894530/2025/12/18/nfl-draft-2026-alabama-oklahoma-ty-simpson/,2025-12-18 13:00:46+00:00
https://www.nytimes.com/athletic/6877567/2025/12/18/nfl-color-commentary-rankings-brady-aikman-olsen-romo/,2025-12-18 13:00:05+00:00
https://www.nytimes.com/athletic/6895333/2025/12/18/bucks-doc-rivers-execution-giannis/,2025-12-18 12:59:10+00:00
https://www.nytimes.com/2025/12/18/business/dealbook/lovable-a-start-up-that-makes-anyone-a-coder-raises-330-million.html,2025-12-18 12:55:45+00:00
https://www.nytimes.com/athletic/6899030/2025/12/18/maresca-guardiola-manchester-city-vigar-tafc/,2025-12-18 12:53:15+00:00
https://www.nytimes.com/athletic/6898801/2025/12/18/julius-randle-timberwolves-loss-memphis/,2025-12-18 12:49:30+00:00
https://www.nytimes.com/athletic/6897447/2025/12/18/joel-klatt-tennessee-miami-college-basketball/,2025-12-18 12:42:46+00:00
https://www.nytimes.com/athletic/6897729/2025/12/18/chiefs-jaylen-watson-2022-draft-class/,2025-12-18 12:30:02+00:00
https://www.nytimes.com/live/2025/12/17/us/rob-nick-reiner-murder-charges,2025-12-18 12:20:42+00:00
https://www.nytimes.com/2025/12/18/briefing/is-it-about-the-oil.html,2025-12-18 12:10:57+00:00
https://www.nytimes.com/athletic/6895907/2025/12/18/bbc-sports-personality-of-the-year-rory-mcilroy/,2025-12-18 12:05:33+00:00
https://www.nytimes.com/athletic/6897672/2025/12/18/ncaa-womens-volleyball-2025-final-four-teams-tv/,2025-12-18 12:03:43+00:00
https://www.nytimes.com/athletic/6897565/2025/12/18/yankees-slow-offseason-fans/,2025-12-18 12:01:10+00:00
https://www.nytimes.com/athletic/6892217/2025/12/18/college-football-playoff-coach-rankings-pressure/,2025-12-18 12:00:59+00:00
https://www.nytimes.com/athletic/6896819/2025/12/18/blackhawks-connor-bedard-injury-power-rankings/,2025-12-18 12:00:59+00:00
https://www.nytimes.com/athletic/6897201/2025/12/18/broncos-red-zone-defense-secondary/,2025-12-18 12:00:55+00:00
https://www.nytimes.com/athletic/6897014/2025/12/18/oregon-nil-college-football-playoff/,2025-12-18 12:00:53+00:00
https://www.nytimes.com/athletic/6898904/2025/12/18/england-australia-outclassed-stokes-ashes/,2025-12-18 12:00:46+00:00
https://www.nytimes.com/athletic/6898119/2025/12/18/brandon-aiyuk-49ers-zach-wilson-mailbag/,2025-12-18 12:00:26+00:00
https://www.nytimes.com/athletic/6894435/2025/12/18/washington-capitals-retool-chris-patrick/,2025-12-18 12:00:20+00:00
https://www.nytimes.com/athletic/6896657/2025/12/18/ty-simpson-alabama-tennessee-martin-coach/,2025-12-18 12:00:18+00:00
https://www.nytimes.com/athletic/6897235/2025/12/18/rangers-scoring-offense-mike-sullivan/,2025-12-18 12:00:15+00:00
https://www.nytimes.com/athletic/6897995/2025/12/18/blue-jackets-zach-werenski-nhl-leadership/,2025-12-18 12:00:09+00:00
https://www.nytimes.com/athletic/6896873/2025/12/18/this-week-in-sports-trivia-december-18-2025/,2025-12-18 12:00:08+00:00
https://www.nytimes.com/2025/12/17/world/europe/uk-police-antifada-bondi-shooting-synagogue.html,2025-12-18 11:57:56+00:00
https://www.nytimes.com/athletic/6897529/2025/12/18/college-football-playoff-home-stadiums-tickets/,2025-12-18 11:45:10+00:00
https://www.nytimes.com/2025/12/18/world/europe/russia-putin-aide-dmitri-kozak-ukraine-war.html,2025-12-18 11:41:08+00:00
https://www.nytimes.com/athletic/6898056/2025/12/18/nba-cup-future-banner-las-vegas/,2025-12-18 11:30:58+00:00
https://www.nytimes.com/athletic/6898610/2025/12/18/bears-stadium-site-kevin-warren-packers/,2025-12-18 11:30:42+00:00
https://www.nytimes.com/athletic/6898364/2025/12/18/mlb-munetaka-murakami-free-agency-update/,2025-12-18 11:30:40+00:00
https://www.nytimes.com/athletic/6898130/2025/12/18/knicks-nba-cup-championship-contenders/,2025-12-18 11:30:39+00:00
https://www.nytimes.com/athletic/6897388/2025/12/18/bears-broadcaster-jeff-joniak-espn/,2025-12-18 11:30:07+00:00
https://www.nytimes.com/es/2025/12/18/espanol/mundo/trump-buques-venezuela-siria.html,2025-12-18 11:30:02+00:00
https://www.nytimes.com/athletic/6897757/2025/12/18/pwhl-expansion-takeover-tour-markets/,2025-12-18 11:30:00+00:00
https://www.nytimes.com/athletic/6899072/2025/12/18/vuelta-a-espana-route-madrid-monaco/,2025-12-18 11:28:07+00:00
https://www.nytimes.com/athletic/6899022/2025/12/18/robin-van-persie-feyenoord-fans/,2025-12-18 11:23:52+00:00
https://www.nytimes.com/athletic/6897150/2025/12/18/nationals-general-manager-31-the-pulse/,2025-12-18 11:18:16+00:00
https://www.nytimes.com/athletic/6893871/2025/12/18/jake-paul-boxing/,2025-12-18 11:06:16+00:00
https://www.nytimes.com/athletic/6897991/2025/12/18/nba-trade-deadline-okc-thunder-success/,2025-12-18 11:05:07+00:00
https://www.nytimes.com/athletic/6896994/2025/12/18/tom-brady-nfl-fox-tv-media-2025/,2025-12-18 11:05:00+00:00
https://www.nytimes.com/athletic/6897294/2025/12/18/ultimate-front-office-ranking-2025/,2025-12-18 11:05:00+00:00
https://www.nytimes.com/athletic/6898227/2025/12/18/cowboys-mailbag-pickens-eberflus-nfl-draft/,2025-12-18 11:04:06+00:00
https://www.nytimes.com/athletic/6898446/2025/12/18/lions-mailbag-playoffs-injuries-dan-campbell/,2025-12-18 11:03:28+00:00
https://www.nytimes.com/athletic/6885149/2025/12/18/maple-leafs-injury-disclosure-stolarz-berube/,2025-12-18 11:02:46+00:00
https://www.nytimes.com/athletic/6898002/2025/12/18/panthers-bucs-mike-evans-jaycee-horn/,2025-12-18 11:02:40+00:00
https://www.nytimes.com/athletic/6898593/2025/12/18/red-wings-utah-mammoth-mclellan-net-front/,2025-12-18 11:02:30+00:00
https://www.nytimes.com/athletic/6897308/2025/12/18/vikings-qb-positions-needs-2026-free-agency/,2025-12-18 11:01:59+00:00
https://www.nytimes.com/athletic/6894668/2025/12/18/arch-manning-2027-nfl-draft-scouting-report-texas/,2025-12-18 11:00:57+00:00
https://www.nytimes.com/athletic/6896982/2025/12/18/blues-fresh-look-stenberg-berggren-fabbri/,2025-12-18 11:00:44+00:00
https://www.nytimes.com/athletic/6898389/2025/12/18/rob-reiner-dodgers-baseball-fan-appreciation/,2025-12-18 11:00:43+00:00
https://www.nytimes.com/athletic/6896347/2025/12/18/richard-jefferson-nba-leadership-lebron-james-jason-kidd/,2025-12-18 11:00:42+00:00
https://www.nytimes.com/athletic/6896444/2025/12/18/college-football-playoff-2025-james-madison-oregon/,2025-12-18 11:00:32+00:00
https://www.nytimes.com/athletic/6894852/2025/12/18/team-usa-best-olympic-roster/,2025-12-18 11:00:27+00:00
https://www.nytimes.com/athletic/6897427/2025/12/18/wild-quinn-hughes-moritz-seider-norris-trophy/,2025-12-18 11:00:26+00:00
https://www.nytimes.com/2025/12/18/podcasts/the-daily/health-care-subsidies-obamacare.html,2025-12-18 11:00:12+00:00
https://www.nytimes.com/2025/12/18/crosswords/connections-companion-922.html,2025-12-18 11:00:07+00:00
https://www.nytimes.com/2025/12/18/crosswords/strands-sidekick-656.html,2025-12-18 11:00:03+00:00
https://www.nytimes.com/2025/12/18/crosswords/wordle-review-1644.html,2025-12-18 11:00:03+00:00
https://www.nytimes.com/athletic/6897290/2025/12/18/college-football-playoff-best-players/,2025-12-18 10:55:28+00:00
https://www.nytimes.com/athletic/6894180/2025/12/18/nfl-playoff-races-week-16-rams-seahawks-bears-packers/,2025-12-18 10:30:50+00:00
https://www.nytimes.com/athletic/6894858/2025/12/18/mlb-free-agency-history-strike-labor-dispute/,2025-12-18 10:30:37+00:00
https://www.nytimes.com/2025/12/17/world/asia/china-general-tiananmen-square.html,2025-12-18 10:30:23+00:00
https://www.nytimes.com/athletic/6897958/2025/12/18/new-york-jets-offseason-draft-free-agency-qb/,2025-12-18 10:30:02+00:00
https://www.nytimes.com/athletic/6894551/2025/12/18/best-nba-shooting-teams-rankings-nuggets-thunder-knicks/,2025-12-18 10:30:00+00:00
https://www.nytimes.com/athletic/6898826/2025/12/18/after-a-season-on-the-margins-savinho-offers-glimpse-of-his-potential/,2025-12-18 10:25:33+00:00
https://www.nytimes.com/athletic/6895886/2025/12/18/premier-league-settled-squad-depth/,2025-12-18 10:06:43+00:00
https://www.nytimes.com/interactive/2025/12/18/opinion/focus-group-former-glp1.html,2025-12-18 10:06:09+00:00
https://www.nytimes.com/interactive/2025/12/18/realestate/dallas-fort-worth-texas-homes-sale.html,2025-12-18 10:03:59+00:00
https://www.nytimes.com/2025/12/18/world/africa/nigeria-lead-factory-closings.html,2025-12-18 10:03:54+00:00
https://www.nytimes.com/es/2025/12/18/espanol/ciencia-y-tecnologia/abejas-prehistoricas-convirtieron-huesos-milenarios-en-su-colmenar.html,2025-12-18 10:03:47+00:00
https://www.nytimes.com/2025/12/18/magazine/affordability-economy.html,2025-12-18 10:02:34+00:00
https://www.nytimes.com/interactive/2025/12/18/travel/things-to-do-san-luis-obispo.html,2025-12-18 10:02:30+00:00
https://www.nytimes.com/2025/12/18/realestate/leanne-fords-cozy-sunroom-has-an-old-soul.html,2025-12-18 10:02:29+00:00
https://www.nytimes.com/es/2025/12/18/espanol/cultura/locuras-emperador-aniversario.html,2025-12-18 10:02:23+00:00
https://www.nytimes.com/2025/12/18/opinion/communities-fund-camfed-campaign-female-education.html,2025-12-18 10:02:09+00:00
https://www.nytimes.com/2025/12/18/arts/music/best-classical-music-albums-of-2025.html,2025-12-18 10:02:09+00:00
https://www.nytimes.com/2025/12/18/arts/design/surrealism-100-philadelphia-art-museum.html,2025-12-18 10:02:03+00:00
https://www.nytimes.com/2025/12/18/technology/elon-musk-daycare-school.html,2025-12-18 10:01:59+00:00
https://www.nytimes.com/2025/12/18/realestate/housing-market-near-nyc.html,2025-12-18 10:01:51+00:00
https://www.nytimes.com/2025/12/18/realestate/housing-market-nyc.html,2025-12-18 10:01:50+00:00
https://www.nytimes.com/athletic/6897787/2025/12/18/kirk-cousins-falcons-qb-contract-penix/,2025-12-18 10:01:48+00:00
https://www.nytimes.com/2025/12/18/arts/television/minnie-driver-emily-in-paris.html,2025-12-18 10:01:43+00:00
https://www.nytimes.com/2025/12/18/movies/the-spongebob-movie-search-for-squarepants-review.html,2025-12-18 10:01:38+00:00
https://www.nytimes.com/2025/12/18/movies/is-this-thing-on-review.html,2025-12-18 10:01:00+00:00
https://www.nytimes.com/2025/12/18/movies/the-housemaid-review-sydney-sweeney-amanda-seyfried.html,2025-12-18 10:00:59+00:00
https://www.nytimes.com/2025/12/18/movies/david-review.html,2025-12-18 10:00:57+00:00
https://www.nytimes.com/2025/12/18/well/mind/ask-therapist-holidays-divorce-parents-guilt.html,2025-12-18 10:00:49+00:00
https://www.nytimes.com/2025/12/18/arts/television/best-tv-episodes-2025.html,2025-12-18 10:00:46+00:00
https://www.nytimes.com/2025/12/18/arts/music/britney-spears-sabrina-carpenter-tate-mcrae-addison-rae.html,2025-12-18 10:00:38+00:00
https://www.nytimes.com/2025/12/18/arts/music/pentridge-prison-radio-station-albums.html,2025-12-18 10:00:37+00:00
https://www.nytimes.com/athletic/6897214/2025/12/18/nba-title-odds-knicks-eastern-conference-winner/,2025-12-18 10:00:30+00:00
https://www.nytimes.com/2025/12/18/realestate/downsizing-pros-cons.html,2025-12-18 10:00:30+00:00
https://www.nytimes.com/2025/12/18/books/review/animal-goncourt-trente-million-prize.html,2025-12-18 10:00:23+00:00
https://www.nytimes.com/2025/12/18/well/family/estranged-estrangement-advice.html,2025-12-18 10:00:17+00:00
https://www.nytimes.com/2025/12/18/books/review/john-darnielle-mountain-goats-this-year-book.html,2025-12-18 10:00:15+00:00
https://www.nytimes.com/2025/12/18/travel/jaipur-india-food.html,2025-12-18 10:00:13+00:00
https://www.nytimes.com/2025/12/18/books/review/fear-less-tracy-k-smith.html,2025-12-18 10:00:10+00:00
https://www.nytimes.com/2025/12/18/climate/noaa-fish-scientist-miami-florida.html,2025-12-18 10:00:05+00:00
https://www.nytimes.com/athletic/6888560/2025/12/17/crystal-palace-oliver-glasner-premier-league-conference-league/,2025-12-18 09:59:11+00:00
https://www.nytimes.com/athletic/6894225/2025/12/17/tennis-next-gen-atp-finals-draw-results/,2025-12-18 09:44:45+00:00
https://www.nytimes.com/2025/12/17/world/middleeast/israel-gas-deal-egypt.html,2025-12-18 09:19:28+00:00
https://www.nytimes.com/2025/12/18/us/politics/trump-taiwan-weapons-sale.html,2025-12-18 08:42:54+00:00
https://www.nytimes.com/athletic/6897480/2025/12/18/ashes-england-australia-lyon-cummins-stokes-briefing/,2025-12-18 08:17:49+00:00
https://www.nytimes.com/athletic/6896581/2025/12/18/chelsea-stadium-earls-court-planning/,2025-12-18 08:01:52+00:00
https://www.nytimes.com/es/2025/12/18/espanol/estados-unidos/melania-trump-pelicula.html,2025-12-18 08:00:35+00:00
https://www.nytimes.com/es/2025/12/18/espanol/estilos-de-vida/influenza-h3n2-gripe-nueva-variante.html,2025-12-18 08:00:30+00:00
https://www.nytimes.com/es/2025/12/18/espanol/estados-unidos/trump-desnaturalizacion-migracion-ciudadania.html,2025-12-18 08:00:29+00:00
https://www.nytimes.com/2025/12/18/nyregion/city-council-community-safety-mamdani.html,2025-12-18 08:00:25+00:00
https://www.nytimes.com/2025/12/18/nyregion/olde-good-things-antiques.html,2025-12-18 08:00:18+00:00
https://www.nytimes.com/2025/12/18/learning/flowers-and-candlelight.html,2025-12-18 08:00:17+00:00
https://www.nytimes.com/es/2025/12/18/espanol/cultura/mejor-arte-2025.html,2025-12-18 08:00:13+00:00
https://www.nytimes.com/2025/12/18/crosswords/spelling-bee-forum.html,2025-12-18 08:00:04+00:00
https://www.nytimes.com/2025/12/17/us/trump-tv-white-house-speech-economy.html,2025-12-18 07:56:36+00:00
https://www.nytimes.com/athletic/6822771/2025/12/18/antoine-semenyo-manchester-united-transfer-analysis/,2025-12-18 07:45:19+00:00
https://www.nytimes.com/athletic/6875333/2025/12/18/strasbourg-stadium-decomissioned-planes/,2025-12-18 07:20:45+00:00
https://www.nytimes.com/athletic/6898376/2025/12/18/newcastle-howe-carabao-redemption-sunderland/,2025-12-18 07:13:47+00:00
https://www.nytimes.com/2025/12/17/us/brown-shooter-suspect-providence.html,2025-12-18 07:13:39+00:00
https://www.nytimes.com/2025/12/18/arts/television/late-night-trump-address.html,2025-12-18 07:07:39+00:00
https://www.nytimes.com/2025/12/17/us/politics/american-academy-of-pediatrics-hhs-funding-rfk-jr-vaccines.html,2025-12-18 07:03:40+00:00
https://www.nytimes.com/es/2025/12/18/espanol/palabra-del-dia-nominate.html,2025-12-18 07:02:04+00:00
https://www.nytimes.com/2025/12/17/us/politics/trump-venezuela-house-vote.html,2025-12-18 07:00:24+00:00
https://www.nytimes.com/2025/12/18/learning/word-of-the-day-nominate.html,2025-12-18 07:00:02+00:00
https://www.nytimes.com/2025/12/17/weather/wind-power-outages-british-columbia-washington-oregon.html,2025-12-18 06:44:24+00:00
https://www.nytimes.com/athletic/6898513/2025/12/17/colorado-buffaloes-basketball-no-fans-allowed-weather/,2025-12-18 06:30:59+00:00
https://www.nytimes.com/athletic/6856557/2025/12/18/myostatin-mutation-harry-aikines-aryeetey/,2025-12-18 06:30:06+00:00
https://www.nytimes.com/2025/12/17/opinion/chile-election-kast-pinochet.html,2025-12-18 06:13:31+00:00
https://www.nytimes.com/athletic/6897257/2025/12/17/laurene-powell-jobs-wizards-mystics-capitals-monumental-qatar/,2025-12-18 05:43:43+00:00
https://www.nytimes.com/2025/12/17/us/reiner-brentwood-mourning-scene.html,2025-12-18 05:41:08+00:00
https://www.nytimes.com/athletic/6896468/2025/12/18/milos-kerkez-liverpool-tactics/,2025-12-18 05:30:32+00:00
https://www.nytimes.com/athletic/6893456/2025/12/18/west-ham-defensive-problems/,2025-12-18 05:29:31+00:00
https://www.nytimes.com/2025/12/17/us/rob-michele-reiner-location-death.html,2025-12-18 05:28:51+00:00
https://www.nytimes.com/athletic/6896077/2025/12/18/fantasy-premier-league-fpl-tips-gameweek-17-foden-fernandes/,2025-12-18 05:22:35+00:00
https://www.nytimes.com/athletic/6896611/2025/12/18/callum-hudson-odoi-forest-tottenham/,2025-12-18 05:20:09+00:00
https://www.nytimes.com/athletic/6896558/2025/12/18/leeds-piroe-farke-premier-league/,2025-12-18 05:19:07+00:00
https://www.nytimes.com/athletic/6895863/2025/12/18/alternative-premier-league-table-own-goals/,2025-12-18 05:12:16+00:00
https://www.nytimes.com/athletic/6878133/2025/12/18/africa-cup-of-nations-2025-predictions-winner-players-to-watch-and-more/,2025-12-18 05:10:53+00:00
https://www.nytimes.com/athletic/6896317/2025/12/18/barcelona-messi-laporta-elections/,2025-12-18 05:10:23+00:00
https://www.nytimes.com/athletic/6895992/2025/12/18/bukayo-saka-arsenal-crossing-space/,2025-12-18 05:05:25+00:00
https://www.nytimes.com/es/2025/12/18/espanol/mundo/rusia-putin-criticos-disidencia-ucrania.html,2025-12-18 05:01:11+00:00
https://www.nytimes.com/2025/12/18/world/birthrates-falling-dont-blame-dogs.html,2025-12-18 05:01:11+00:00
https://www.nytimes.com/athletic/6898482/2025/12/18/connections-sports-edition-hints-for-dec-18-2025/,2025-12-18 05:00:46+00:00
https://www.nytimes.com/2025/12/18/business/trump-xi-us-china.html,2025-12-18 05:00:05+00:00
https://www.nytimes.com/2025/12/18/pageoneplus/corrections-dec-18-2025.html,2025-12-18 05:00:01+00:00
https://www.nytimes.com/2025/12/17/pageoneplus/quote-of-the-day-a-coach-pokes-and-prods-at-every-weakness-to-hone-schwarbers-bat.html,2025-12-18 04:59:00+00:00
https://www.nytimes.com/2025/12/17/us/politics/military-4-dead-boat-strike-pacific-ocean.html,2025-12-18 04:54:50+00:00
https://www.nytimes.com/athletic/6898466/2025/12/17/anthony-joshua-jake-paul-fight/,2025-12-18 04:50:05+00:00
https://www.nytimes.com/athletic/6898654/2025/12/17/doug-gottlieb-pausing-radio-show/,2025-12-18 04:48:24+00:00
https://www.nytimes.com/2025/12/17/us/politics/fact-check-trump-economy-address.html,2025-12-18 04:30:53+00:00
https://www.nytimes.com/2025/12/17/nyregion/hate-crime-stabbing-chabad.html,2025-12-18 04:18:57+00:00
https://www.nytimes.com/2025/12/17/dining/noche-buena-filipino-recipes.html,2025-12-18 04:08:42+00:00
https://www.nytimes.com/2025/12/17/us/politics/obamacare-subsidies-house.html,2025-12-18 04:07:17+00:00
https://www.nytimes.com/2025/12/17/us/politics/trump-speech-transcript-economy.html,2025-12-18 03:49:13+00:00
https://www.nytimes.com/athletic/6898308/2025/12/17/canada-world-juniors-roster-lineup-sweden/,2025-12-18 03:45:05+00:00
https://www.nytimes.com/2025/12/16/us/politics/norman-podhoretz-dead.html,2025-12-18 03:34:43+00:00
https://www.nytimes.com/2025/12/17/world/europe/islamic-state-attacks-australia.html,2025-12-18 03:31:44+00:00
https://www.nytimes.com/interactive/2025/12/17/climate/china-hefei-clean-energy-drones-evs-robots.html,2025-12-18 03:22:49+00:00
https://www.nytimes.com/2025/12/17/arts/dinaw-mengestu-pen-america-new-president.html,2025-12-18 02:38:11+00:00
https://www.nytimes.com/athletic/6895169/2025/12/17/sophia-wilson-contract-portland-thorns-2026/,2025-12-18 02:27:07+00:00
https://www.nytimes.com/athletic/6896560/2025/12/17/womens-champions-league-league-phase/,2025-12-18 02:14:26+00:00
https://www.nytimes.com/athletic/6898028/2025/12/17/detroit-lions-stop-booger-flicking-celebrations/,2025-12-18 01:57:56+00:00
https://www.nytimes.com/athletic/6898204/2025/12/17/tyler-skaggs-case-angels-might-request-mistrial/,2025-12-18 01:56:32+00:00
https://www.nytimes.com/2025/12/17/us/fani-willis-georgia-senate-hearing-trump.html,2025-12-18 01:46:40+00:00
https://www.nytimes.com/2025/12/17/us/politics/dan-bongino-steps-down-fbi.html,2025-12-18 01:40:47+00:00
https://www.nytimes.com/2025/12/17/us/politics/trump-immigration-citizenship-denaturalization.html,2025-12-18 01:33:45+00:00
https://www.nytimes.com/2025/12/17/science/dinosaur-footprints-olympics-italy.html,2025-12-18 01:30:56+00:00
https://www.nytimes.com/2025/12/17/us/politics/appeals-court-washington-national-guard.html,2025-12-18 01:30:06+00:00
https://www.nytimes.com/athletic/6898004/2025/12/17/jake-pauls-most-valuable-promotions-in-talks-with-sky-sports-for-broadcast-deal-sources/,2025-12-18 01:18:16+00:00
https://www.nytimes.com/2025/12/17/us/trump-phone-call-georgia-election.html,2025-12-18 01:18:12+00:00
https://www.nytimes.com/2025/12/17/us/politics/hegseth-boat-strike-video.html,2025-12-18 01:11:24+00:00
https://www.nytimes.com/2025/12/17/us/politics/trump-address-speech-when-what-time.html,2025-12-18 01:09:49+00:00
https://www.nytimes.com/2025/12/17/us/politics/trump-presidential-walk-of-fame-white-house.html,2025-12-18 01:04:06+00:00
https://www.nytimes.com/athletic/6897955/2025/12/17/nationals-youth-movement-ani-kilambi-gm/,2025-12-18 00:56:44+00:00
https://www.nytimes.com/2025/12/17/nyregion/ghislaine-maxwell-prison-jeffrey-epstein.html,2025-12-18 00:51:57+00:00
https://www.nytimes.com/2025/12/17/us/politics/jack-smith-trump-prosecutions-congress.html,2025-12-18 00:48:02+00:00
https://www.nytimes.com/2025/12/17/us/politics/senate-defense-bills-air-safety.html,2025-12-18 00:43:15+00:00
https://www.nytimes.com/athletic/6897950/2025/12/17/james-harden-injury-calf-out-clippers/,2025-12-18 00:19:51+00:00
https://www.nytimes.com/athletic/6897939/2025/12/17/bears-stadium-search-northwest-indiana/,2025-12-18 00:19:48+00:00
https://www.nytimes.com/2025/12/17/us/politics/bill-gender-transition-treatments-minors.html,2025-12-18 00:19:06+00:00
https://www.nytimes.com/athletic/6892575/2025/12/17/rams-davante-adams-hamstring-injury/,2025-12-18 00:18:14+00:00
https://www.nytimes.com/athletic/6897675/2025/12/17/joe-burrow-zac-taylor-bengals-dolphins/,2025-12-18 00:14:39+00:00
https://www.nytimes.com/athletic/6897448/2025/12/17/sherrone-moore-michigan-domestic-violence-allegation/,2025-12-18 00:13:33+00:00
https://www.nytimes.com/2025/12/17/us/politics/ice-inspections-democrats-congress-lawsuit.html,2025-12-18 00:13:22+00:00
https://www.nytimes.com/2025/12/17/us/nick-reiner-arrest-video-gas-station.html,2025-12-18 00:11:15+00:00
https://www.nytimes.com/2025/12/17/style/conservatives-engagements-marjorie-taylor-greene-trump-jr.html,2025-12-18 00:02:08+00:00
https://www.nytimes.com/2025/12/17/nyregion/sdny-harlem-drug-charges.html,2025-12-17 23:57:22+00:00
https://www.nytimes.com/2025/12/17/well/new-flu-variant-symptoms.html,2025-12-17 23:53:11+00:00
https://www.nytimes.com/2025/12/17/well/eat/cheese-dementia-study.html,2025-12-17 23:49:51+00:00
https://www.nytimes.com/athletic/6897937/2025/12/17/tino-livramento-injury-update-newcastle/,2025-12-17 23:47:45+00:00
https://www.nytimes.com/es/2025/12/17/espanol/estados-unidos/dan-bongino-salida-fbi.html,2025-12-17 23:46:01+00:00
https://www.nytimes.com/athletic/6897713/2025/12/17/warriors-steve-kerr-jonathan-kuminga-roster/,2025-12-17 23:29:02+00:00
https://www.nytimes.com/athletic/6897464/2025/12/17/kenley-jansen-detroit-tigers-closer-500-saves/,2025-12-17 23:28:51+00:00
https://www.nytimes.com/2025/12/17/world/americas/trump-venezuela-oil-fields-stolen-claims.html,2025-12-17 23:25:29+00:00
https://www.nytimes.com/2025/12/17/us/politics/mark-kelly-defense-department-inquiry.html,2025-12-17 23:25:17+00:00
https://www.nytimes.com/2025/12/17/arts/ceal-floyer-dead.html,2025-12-17 23:21:21+00:00
https://www.nytimes.com/athletic/6897763/2025/12/17/oscar-bobb-hamstring-injury/,2025-12-17 23:16:41+00:00
https://www.nytimes.com/athletic/6896890/2025/12/17/brian-smith-ohio-university-football-coach-fired/,2025-12-17 23:15:44+00:00
https://www.nytimes.com/athletic/6895826/2025/12/17/england-australia-snicko-carey-tongue/,2025-12-17 23:14:06+00:00
https://www.nytimes.com/2025/12/17/arts/dance/hans-van-manen-dead.html,2025-12-17 23:13:52+00:00
https://www.nytimes.com/athletic/6896275/2025/12/17/fifa-womens-club-world-cup-january-wsl/,2025-12-17 23:08:04+00:00
https://www.nytimes.com/athletic/6897618/2025/12/17/carabao-cup-quarter-final-draw-teams-2025/,2025-12-17 23:03:40+00:00
https://www.nytimes.com/2025/12/17/us/politics/trump-retribution-revenge.html,2025-12-17 23:00:56+00:00
https://www.nytimes.com/2025/12/17/briefing/the-us-seeks-to-increase-denaturalizations.html,2025-12-17 23:00:30+00:00
https://www.nytimes.com/athletic/6897749/2025/12/17/dayne-st-clair-inter-miami-transfer/,2025-12-17 22:57:30+00:00
https://www.nytimes.com/athletic/6569621/2025/12/17/penguins-sold-new-owners-nhl-hoffmann/,2025-12-17 22:56:30+00:00
https://www.nytimes.com/athletic/6897268/2025/12/17/penguins-sale-hoffmann-family-nhl-fsg/,2025-12-17 22:54:16+00:00
https://www.nytimes.com/es/2025/12/17/espanol/estados-unidos/buques-venezuela-armada-trump.html,2025-12-17 22:50:56+00:00
https://www.nytimes.com/2025/12/17/opinion/anti-vaccine-influencers.html,2025-12-17 22:48:58+00:00
https://www.nytimes.com/athletic/6897781/2025/12/17/cowboys-george-pickens-criticism/,2025-12-17 22:45:12+00:00
https://www.nytimes.com/2025/12/17/arts/paddington-bear-musical.html,2025-12-17 22:42:04+00:00
https://www.nytimes.com/2025/12/17/t-magazine/james-barnor-photography-moma.html,2025-12-17 22:25:44+00:00
https://www.nytimes.com/2025/12/17/style/tiny-modern-love-stories-good-riddance-christmas.html,2025-12-17 22:24:43+00:00
https://www.nytimes.com/2025/12/17/us/brown-attack-manhunt-gunman-escaped.html,2025-12-17 22:16:31+00:00
https://www.nytimes.com/2025/12/17/us/billy-crystal-larry-david-rob-reiner-statement.html,2025-12-17 22:13:00+00:00
https://www.nytimes.com/2025/12/17/world/canada/canada-population-decline-immigration.html,2025-12-17 22:02:28+00:00
https://www.nytimes.com/2025/12/17/us/morgan-geyser-slender-man-release-privileges.html,2025-12-17 22:02:14+00:00
https://www.nytimes.com/2025/12/17/opinion/trump-rob-reiner.html,2025-12-17 22:00:05+00:00
https://www.nytimes.com/2025/12/16/opinion/young-white-men-discrimination.html,2025-12-17 21:55:32+00:00
https://www.nytimes.com/article/nick-reiner-rob-reiner-son-murder.html,2025-12-17 21:52:21+00:00
https://www.nytimes.com/athletic/6897073/2025/12/17/puka-nacua-rams-adin-ross-live-stream-refs/,2025-12-17 21:46:05+00:00
https://www.nytimes.com/2025/12/17/business/media/oscars-youtube.html,2025-12-17 21:38:56+00:00
https://www.nytimes.com/athletic/6897441/2025/12/17/buffalo-sabres-gm-lindy-ruff-kevyn-adams/,2025-12-17 21:31:28+00:00
https://www.nytimes.com/athletic/6896797/2025/12/17/nba-expansion-las-vegas-seattle-adam-silver/,2025-12-17 21:29:15+00:00
https://www.nytimes.com/athletic/6897515/2025/12/17/dillon-brooks-lesson-learn-ejection-lebron-james/,2025-12-17 21:27:42+00:00
https://www.nytimes.com/2025/12/17/movies/christine-choy-dead.html,2025-12-17 21:18:05+00:00
https://www.nytimes.com/2025/12/17/weather/california-tule-fog-central-valley.html,2025-12-17 21:13:33+00:00
https://www.nytimes.com/2025/12/17/arts/gil-gerard-buck-rogers-dead.html,2025-12-17 21:08:48+00:00
https://www.nytimes.com/2025/12/17/us/politics/melania-trump-movie-trailer.html,2025-12-17 21:08:34+00:00
https://www.nytimes.com/athletic/6897490/2025/12/17/bears-mailbag-questions-52/,2025-12-17 21:07:31+00:00
https://www.nytimes.com/athletic/6895360/2025/12/16/jeremiyah-love-2026-nfl-draft-declares-scouting/,2025-12-17 21:04:28+00:00
https://www.nytimes.com/athletic/6892789/2025/12/17/nhl-trade-board-binnington-tuch-danault/,2025-12-17 20:53:34+00:00
https://www.nytimes.com/2025/12/17/world/europe/uk-eu-erasmus-scheme-students-brexit.html,2025-12-17 20:53:09+00:00
https://www.nytimes.com/wirecutter/money/cant-go-wrong-gift-deals-20251217/,2025-12-17 20:44:44+00:00
https://www.nytimes.com/2025/12/17/arts/music/track-star-youtube-music-game.html,2025-12-17 20:37:20+00:00
https://www.nytimes.com/athletic/6895089/2025/12/17/tulane-college-football-playoff-group-of-5/,2025-12-17 20:37:05+00:00
https://www.nytimes.com/2025/12/16/us/politics/trump-blockade-venezuela-oil-tankers.html,2025-12-17 20:35:57+00:00
https://www.nytimes.com/athletic/6896447/2025/12/17/niclas-fullkrug-milan-west-ham/,2025-12-17 20:32:30+00:00
https://www.nytimes.com/2025/12/16/us/politics/trump-expanded-travel-ban.html,2025-12-17 20:31:57+00:00
https://www.nytimes.com/athletic/6897417/2025/12/17/hurricanes-vs-predators-stream-how-to-watch-dec-17/,2025-12-17 20:29:53+00:00
https://www.nytimes.com/athletic/6897406/2025/12/17/cavaliers-vs-bulls-stream-how-to-watch-dec-17/,2025-12-17 20:25:49+00:00
https://www.nytimes.com/athletic/6897404/2025/12/17/grizzlies-vs-timberwolves-stream-how-to-watch-dec-17/,2025-12-17 20:25:23+00:00
https://www.nytimes.com/athletic/6897402/2025/12/17/mammoth-vs-red-wings-stream-how-to-watch-dec-17/,2025-12-17 20:25:02+00:00
https://www.nytimes.com/athletic/6897400/2025/12/17/devils-vs-golden-knights-stream-how-to-watch-dec-17/,2025-12-17 20:24:10+00:00
https://www.nytimes.com/athletic/6897398/2025/12/17/jets-vs-blues-stream-how-to-watch-dec-17/,2025-12-17 20:24:07+00:00
https://www.nytimes.com/athletic/6897207/2025/12/17/oscars-2029-youtube-nfl-super-bowl/,2025-12-17 20:20:06+00:00
https://www.nytimes.com/2025/12/16/opinion/australia-bondi-beach-shooting.html,2025-12-17 20:19:53+00:00
https://www.nytimes.com/athletic/6897383/2025/12/17/northwestern-state-vs-texas-stream-how-to-watch-dec-17/,2025-12-17 20:19:50+00:00
https://www.nytimes.com/athletic/6897378/2025/12/17/campbell-vs-gonzaga-stream-how-to-watch-dec-17/,2025-12-17 20:19:17+00:00
https://www.nytimes.com/athletic/6897263/2025/12/17/brad-stevens-celtics-trade-deadline-buyers/,2025-12-17 20:17:58+00:00
https://www.nytimes.com/2025/12/17/opinion/trump-presidential-power-miller-vought.html,2025-12-17 20:17:36+00:00
https://www.nytimes.com/athletic/6897357/2025/12/17/unc-wilmington-vs-north-carolina-stream-how-to-watch-dec-17/,2025-12-17 20:16:36+00:00
https://www.nytimes.com/athletic/6897345/2025/12/17/south-florida-vs-alabama-stream-how-to-watch-dec-17/,2025-12-17 20:14:07+00:00
https://www.nytimes.com/athletic/6897126/2025/12/17/chiefs-patrick-mahomes-injury-next-steps/,2025-12-17 20:11:27+00:00
https://www.nytimes.com/athletic/6895648/2025/12/17/nfl-week-16-staff-picks-nfc-showdown/,2025-12-17 20:04:47+00:00
https://www.nytimes.com/athletic/6896168/2025/12/17/uk-increases-pressure-on-roman-abramovich-to-transfer-2-5bn-from-chelsea-sale-to-ukraine-victims/,2025-12-17 20:00:57+00:00
https://www.nytimes.com/2025/12/17/us/politics/boat-strike-video-questions-lawmakers.html,2025-12-17 20:00:29+00:00
https://www.nytimes.com/2025/12/17/opinion/trump-ai-chips-nvidia-china.html,2025-12-17 20:00:05+00:00
https://www.nytimes.com/2025/12/17/us/politics/harris-trump-dark-money-democrats-republicans.html,2025-12-17 20:00:05+00:00
https://www.nytimes.com/2025/12/17/technology/fcc-brendan-carr-senate-hearing.html,2025-12-17 19:56:46+00:00
https://www.nytimes.com/athletic/6895958/2025/12/17/nfl-week-16-confidence-picks-texans-raiders/,2025-12-17 19:39:38+00:00
https://www.nytimes.com/athletic/6896747/2025/12/17/knicks-nba-cup-championship-banner/,2025-12-17 19:36:46+00:00
https://www.nytimes.com/athletic/6896988/2025/12/17/maccabi-tel-aviv-stuttgart-uefa-sanctions/,2025-12-17 19:31:06+00:00
https://www.nytimes.com/athletic/6897051/2025/12/17/ny-rangers-gabe-perreault-brennan-othmann/,2025-12-17 19:30:25+00:00
https://www.nytimes.com/es/2025/12/17/espanol/estados-unidos/fortuna-epstein-investigacion.html,2025-12-17 19:26:08+00:00
https://www.nytimes.com/athletic/6837003/2025/12/17/mlb-brad-keller-free-agency-signing-phillies/,2025-12-17 19:23:36+00:00
https://www.nytimes.com/2025/12/17/us/nick-reiner-court-murder-charges.html,2025-12-17 19:23:30+00:00
https://www.nytimes.com/athletic/6896780/2025/12/17/nba-cup-final-moving-college-campuses/,2025-12-17 19:21:01+00:00
https://www.nytimes.com/es/2025/12/17/espanol/estados-unidos/trump-prohibicion-restricciones-paises.html,2025-12-17 19:18:07+00:00
https://www.nytimes.com/2025/12/17/style/marty-supreme-premiere-timothee-chalamet-mamdani.html,2025-12-17 19:10:13+00:00
https://www.nytimes.com/2025/12/17/books/review/thomas-paine-common-sense-anniversary.html,2025-12-17 19:09:24+00:00
https://www.nytimes.com/2025/12/17/business/auto-lender-fraud.html,2025-12-17 19:04:42+00:00
https://www.nytimes.com/athletic/6897060/2025/12/17/worst-f1-predictions-2025-prime-tire/,2025-12-17 19:03:37+00:00
https://www.nytimes.com/2025/12/17/us/jake-romy-reiner-family-statement.html,2025-12-17 18:57:12+00:00
https://www.nytimes.com/athletic/6896684/2025/12/17/russia-ban-football-fifa-uefa/,2025-12-17 18:55:54+00:00
https://www.nytimes.com/2025/12/17/movies/oscar-contenders-jennifer-lawrence-rose-byrne-amanda-seyfried.html,2025-12-17 18:52:04+00:00
https://www.nytimes.com/athletic/6896916/2025/12/17/netflix-pardon-my-take-podcast-deals/,2025-12-17 18:45:28+00:00
https://www.nytimes.com/2025/12/17/us/harvard-morgue-stolen-body-parts.html,2025-12-17 18:42:48+00:00
https://www.nytimes.com/athletic/6896095/2025/12/17/carlos-alcaraz-juan-carlos-ferrero-split/,2025-12-17 18:37:50+00:00
https://www.nytimes.com/athletic/6896418/2025/12/17/fantasy-football-failures-browns-raiders-titans/,2025-12-17 18:36:46+00:00
https://www.nytimes.com/es/2025/12/17/espanol/mundo/roma-metro-museos.html,2025-12-17 18:33:48+00:00
https://www.nytimes.com/2025/12/17/opinion/patients-doctor-ethical-choice.html,2025-12-17 18:30:06+00:00
https://www.nytimes.com/athletic/6895144/2025/12/17/adolis-garcia-phillies-sign/,2025-12-17 18:21:25+00:00
https://www.nytimes.com/2025/12/17/us/politics/senate-defense-bill-trump-military.html,2025-12-17 18:21:05+00:00
https://www.nytimes.com/athletic/6896471/2025/12/17/fantasy-trends-hidden-gems-trade-fallout-two-week-outlook/,2025-12-17 18:18:08+00:00
https://www.nytimes.com/2025/12/16/us/reiner-family-rob-nick-michele.html,2025-12-17 18:17:53+00:00
https://www.nytimes.com/athletic/6889235/2025/12/17/mlb-free-agents-best-fits-2025-2026/,2025-12-17 18:14:20+00:00
https://www.nytimes.com/2025/12/17/us/politics/ice-arrests-schools.html,2025-12-17 18:09:35+00:00
https://www.nytimes.com/athletic/6896579/2025/12/17/2025-year-end-sports-business-moneycall/,2025-12-17 18:08:53+00:00
https://www.nytimes.com/athletic/6875176/2025/12/17/africa-cup-of-nations-storylines-to-watch/,2025-12-17 18:04:43+00:00
https://www.nytimes.com/2025/12/17/nyregion/new-york-city-affordability.html,2025-12-17 18:02:17+00:00
https://www.nytimes.com/card/2025/12/17/arts/editors-recommendations-duster,2025-12-17 18:00:04+00:00
https://www.nytimes.com/athletic/6896718/2025/12/17/raptors-mailbag-holiday-submit-question/,2025-12-17 17:59:07+00:00
https://www.nytimes.com/athletic/6896858/2025/12/17/patrick-mahomes-injury-travis-kelce-chiefs/,2025-12-17 17:56:12+00:00
https://www.nytimes.com/athletic/6895633/2025/12/17/knicks-nba-cup-champions/,2025-12-17 17:55:34+00:00
https://www.nytimes.com/athletic/6896769/2025/12/17/celtic-chairman-peter-lawwell-resigns-abuse/,2025-12-17 17:55:21+00:00
https://www.nytimes.com/2025/12/17/movies/the-voice-of-hind-rajab-review.html,2025-12-17 17:54:49+00:00
https://www.nytimes.com/athletic/6896836/2025/12/17/mls-division-revamp-rivalry-san-jose-lafc-galaxy/,2025-12-17 17:52:17+00:00
https://www.nytimes.com/athletic/6896597/2025/12/17/marcus-freeman-notre-dame-nfl-coaching-jobs/,2025-12-17 17:51:40+00:00
https://www.nytimes.com/2025/12/17/us/harvard-investigates-students-larry-summers-video-epstein.html,2025-12-17 17:49:51+00:00
https://www.nytimes.com/2025/12/17/us/politics/tankers-sanctions-venezuela-oil.html,2025-12-17 17:48:57+00:00
https://www.nytimes.com/2025/12/17/movies/best-movies-2025-kpop-demon-hunters-roofman.html,2025-12-17 17:47:04+00:00
https://www.nytimes.com/2025/12/17/world/africa/south-africa-kenya-workers.html,2025-12-17 17:31:36+00:00
https://www.nytimes.com/athletic/6808737/2025/12/17/mlb-luke-weaver-free-agency-signing-mets/,2025-12-17 17:29:25+00:00
https://www.nytimes.com/2025/12/17/climate/greenpeaces-fight-with-pipeline-giant-exposes-a-legal-loophole.html,2025-12-17 17:25:28+00:00
https://www.nytimes.com/athletic/6894358/2025/12/17/patriots-wide-receiver-nfl-playoffs-stefon-diggs/,2025-12-17 17:13:25+00:00
https://www.nytimes.com/athletic/6895087/2025/12/17/pittsburgh-steelers-roster-rebuild-castoffs/,2025-12-17 17:06:02+00:00
https://www.nytimes.com/2025/12/17/magazine/lover-wife-ethics.html,2025-12-17 17:00:02+00:00
https://www.nytimes.com/athletic/6896459/2025/12/17/flyers-playoffs-foerster-injury/,2025-12-17 16:57:59+00:00
https://www.nytimes.com/2025/12/16/science/penguins-pumas-patagonia.html,2025-12-17 16:57:20+00:00
https://www.nytimes.com/athletic/6894528/2025/12/17/colts-anthony-richardson-philip-rivers-injury/,2025-12-17 16:55:57+00:00
https://www.nytimes.com/athletic/6894963/2025/12/17/pff-grades-nfl-games-pro-football-focus/,2025-12-17 16:46:31+00:00
https://www.nytimes.com/athletic/6893829/2025/12/17/connor-mcdavid-oilers-stat-standings-december-2025/,2025-12-17 16:43:12+00:00
https://www.nytimes.com/2025/12/17/world/africa/nigeria-kidnapping-school.html,2025-12-17 16:35:17+00:00
https://www.nytimes.com/es/2025/12/17/espanol/estados-unidos/rob-reiner-muerte-detalles.html,2025-12-17 16:34:29+00:00
https://www.nytimes.com/athletic/6896146/2025/12/17/premier-league-manager-sack-race-tottenham-liverpool/,2025-12-17 16:33:56+00:00
https://www.nytimes.com/2025/12/17/business/media/warner-bros-paramount-takeover-netflix.html,2025-12-17 16:33:13+00:00
https://www.nytimes.com/interactive/2025/12/16/movies/vote-best-movies-2025.html,2025-12-17 16:27:31+00:00
https://www.nytimes.com/athletic/6896689/2025/12/17/kings-vs-panthers-stream-how-to-watch-dec-17/,2025-12-17 16:23:54+00:00
https://www.nytimes.com/athletic/6896679/2025/12/17/marquette-vs-uconn-stream-how-to-watch-dec-17/,2025-12-17 16:20:23+00:00
https://www.nytimes.com/athletic/6896675/2025/12/17/vanderbilt-vs-memphis-stream-how-to-watch-dec-17/,2025-12-17 16:19:46+00:00
https://www.nytimes.com/athletic/6896661/2025/12/17/saint-francis-pa-vs-florida-stream-how-to-watch-dec-17/,2025-12-17 16:17:42+00:00
https://www.nytimes.com/athletic/6896654/2025/12/17/mississippi-valley-state-vs-ole-miss-stream-how-to-watch-dec-17/,2025-12-17 16:16:50+00:00
https://www.nytimes.com/athletic/6896650/2025/12/17/eastern-kentucky-vs-louisville-stream-how-to-watch-dec-17/,2025-12-17 16:16:34+00:00
https://www.nytimes.com/athletic/6895674/2025/12/17/canucks-stats-standings-rebuild-quinn-hughes/,2025-12-17 16:15:02+00:00
https://www.nytimes.com/athletic/6894095/2025/12/17/colorado-avalanche-avs-nathan-mackinnon-nhl-points-leader/,2025-12-17 16:14:38+00:00
https://www.nytimes.com/athletic/6894762/2025/12/17/bears-caleb-williams-packers/,2025-12-17 16:13:21+00:00
https://www.nytimes.com/2025/12/17/movies/rob-reiner-comedy-legacy.html,2025-12-17 16:12:50+00:00
https://www.nytimes.com/2025/12/17/magazine/baba-au-rhum-savarin-recipe.html,2025-12-17 16:11:39+00:00
https://www.nytimes.com/athletic/6896092/2025/12/17/malaysia-friendlies-forfeited-ineligible-players/,2025-12-17 16:02:55+00:00
https://www.nytimes.com/2025/12/17/us/exam-review-brown-shooting.html,2025-12-17 15:58:24+00:00
https://www.nytimes.com/athletic/6894947/2025/12/17/ravens-playoff-hopes-afc-north/,2025-12-17 15:52:46+00:00
https://www.nytimes.com/athletic/6895445/2025/12/17/adam-fantilli-overtime-winner-blue-jackets-ducks/,2025-12-17 15:50:38+00:00
https://www.nytimes.com/athletic/6894114/2025/12/17/team-canada-best-olympic-roster/,2025-12-17 15:45:37+00:00
https://www.nytimes.com/athletic/6895006/2025/12/17/bears-packers-rematch-nfc-playoff-race-prime-time/,2025-12-17 15:37:17+00:00
https://www.nytimes.com/athletic/6894942/2025/12/16/cubs-bullpen-caleb-thielbar-signing-source/,2025-12-17 15:36:40+00:00
https://www.nytimes.com/athletic/6896389/2025/12/17/browns-devin-bush-not-guilty-arrest/,2025-12-17 15:33:30+00:00
https://www.nytimes.com/athletic/6896453/2025/12/17/daichi-kamada-palace-injury-update/,2025-12-17 15:29:18+00:00
https://www.nytimes.com/athletic/6893588/2025/12/17/ole-miss-football-embraces-choas-can-the-rebels-block-out-the-noise-and-prove-they-belong/,2025-12-17 15:29:11+00:00
https://www.nytimes.com/es/2025/12/17/espanol/estados-unidos/ee-uu-envia-cubanos-guantanamo.html,2025-12-17 15:25:36+00:00
https://www.nytimes.com/athletic/6893560/2025/12/17/kevin-stefanski-browns-coaching-hot-seat/,2025-12-17 15:25:23+00:00
https://www.nytimes.com/athletic/6895186/2025/12/17/tarasenko-yurov-wild-shut-out-capitals/,2025-12-17 15:24:14+00:00
https://www.nytimes.com/athletic/6896429/2025/12/17/ethan-mcleod-death-wolves-macclesfield/,2025-12-17 15:20:31+00:00
https://www.nytimes.com/2025/12/17/arts/java-man-indonesia-netherlands.html,2025-12-17 15:17:57+00:00
https://www.nytimes.com/2025/12/17/arts/television/fallout-season-2-premiere-geneva-robertson-dworet.html,2025-12-17 15:10:54+00:00
https://www.nytimes.com/athletic/5947172/2025/12/17/tennis-players-coaches-relationship-how-choose/,2025-12-17 15:08:24+00:00
https://www.nytimes.com/athletic/6896366/2025/12/17/knicks-nba-cup-the-bounce-title/,2025-12-17 15:00:48+00:00
https://www.nytimes.com/athletic/6896293/2025/12/17/nba-cup-site-las-vegas-new-home/,2025-12-17 14:54:51+00:00
https://www.nytimes.com/athletic/6896280/2025/12/17/cincinnati-basketball-jizzle-james-return/,2025-12-17 14:51:40+00:00
https://www.nytimes.com/2025/12/17/us/politics/trump-federal-reserve-chair-independence.html,2025-12-17 14:50:43+00:00
https://www.nytimes.com/athletic/6894224/2025/12/17/losing-motivation-burnout-tips/,2025-12-17 14:34:42+00:00
https://www.nytimes.com/athletic/6895397/2025/12/17/yohes-10-observations-oilers-toy-with-penguins/,2025-12-17 14:33:27+00:00
https://www.nytimes.com/athletic/6896322/2025/12/17/liverpool-dominik-szoboszlai-injury-update/,2025-12-17 14:33:26+00:00
https://www.nytimes.com/athletic/6896084/2025/12/17/sydney-hobart-race-preview/,2025-12-17 14:25:33+00:00
https://www.nytimes.com/2025/12/17/world/americas/trump-chevron-venezuela-oil.html,2025-12-17 14:18:53+00:00
https://www.nytimes.com/athletic/6896180/2025/12/17/fifa-world-cup-record-prize-fund/,2025-12-17 14:15:24+00:00
https://www.nytimes.com/es/2025/12/17/espanol/cultura/nick-reiner-acusado-asesinato.html,2025-12-17 14:10:12+00:00
https://www.nytimes.com/athletic/6895161/2025/12/17/nhl-team-canada-usa-players-olympics/,2025-12-17 14:02:30+00:00
https://www.nytimes.com/2025/12/17/world/asia/australia-bondi-beach-shooting.html,2025-12-17 14:01:23+00:00
https://www.nytimes.com/2025/12/17/style/holiday-etiquette-questions.html,2025-12-17 14:00:03+00:00
https://www.nytimes.com/2025/12/17/us/politics/trump-cash-payments.html,2025-12-17 13:56:50+00:00
https://www.nytimes.com/2025/12/17/learning/word-of-the-day-commensurate.html,2025-12-17 13:41:33+00:00
https://www.nytimes.com/es/2025/12/17/espanol/palabra-del-dia-commensurate.html,2025-12-17 13:41:24+00:00
https://www.nytimes.com/athletic/6894626/2025/12/17/nfl-quick-outs-mccarthy-vikings-cowboys/,2025-12-17 13:37:02+00:00
https://www.nytimes.com/es/2025/12/17/espanol/ciencia-y-tecnologia/pumas-pinguinos-patagonia.html,2025-12-17 13:30:27+00:00
https://www.nytimes.com/2025/12/17/business/dealbook/paramount-warner-bros-netflix.html,2025-12-17 13:29:13+00:00
https://www.nytimes.com/es/2025/12/17/espanol/estados-unidos/trump-entrevistas-gabinete-susie-wiles-que-dijeron.html,2025-12-17 13:20:52+00:00
https://www.nytimes.com/athletic/6895408/2025/12/17/f1-2026-car-modes/,2025-12-17 13:16:04+00:00
https://www.nytimes.com/2025/12/17/opinion/rob-reiner-norman-lear-archie-bunker-politics.html,2025-12-17 13:14:15+00:00
https://www.nytimes.com/athletic/6895349/2025/12/17/michigan-notre-dame-acc-mandel-mailbag/,2025-12-17 13:00:47+00:00
https://www.nytimes.com/athletic/6895574/2025/12/17/rangers-finishing-issue-loss-canucks/,2025-12-17 12:41:41+00:00
https://www.nytimes.com/athletic/6895697/2025/12/17/adam-engstrom-dilemma-canadiens/,2025-12-17 12:37:21+00:00
https://www.nytimes.com/athletic/6895549/2025/12/17/bcs-selection-controversies-college-football-playoff/,2025-12-17 12:21:32+00:00
https://www.nytimes.com/athletic/6896098/2025/12/17/mazraoui-afcon-morocco-manchester-united/,2025-12-17 12:18:31+00:00
https://www.nytimes.com/athletic/6895836/2025/12/17/alex-carey-australia-ashes-adelaide/,2025-12-17 12:16:58+00:00
https://www.nytimes.com/athletic/6895706/2025/12/17/victor-wembanyama-grandmother-spurs-loss-nba-cup/,2025-12-17 12:16:07+00:00
https://www.nytimes.com/athletic/6894461/2025/12/17/college-football-playoff-bandwagon-fan-guide-2025/,2025-12-17 12:00:32+00:00
https://www.nytimes.com/athletic/6894618/2025/12/17/college-basketball-mailbag-best-season-start-studs-duds/,2025-12-17 12:00:28+00:00
https://www.nytimes.com/athletic/6894983/2025/12/17/college-football-playoff-predictions-miami-texas-am/,2025-12-17 12:00:26+00:00
https://www.nytimes.com/athletic/6895329/2025/12/17/sf-giants-adrian-houser-signing-analysis/,2025-12-17 12:00:25+00:00
https://www.nytimes.com/2025/12/17/briefing/mr-robot-will-see-you-now.html,2025-12-17 11:58:39+00:00
https://www.nytimes.com/athletic/6896013/2025/12/17/liverpool-parade-attack-tafc/,2025-12-17 11:44:47+00:00
https://www.nytimes.com/athletic/6895447/2025/12/17/red-wings-islanders-alex-debrincat-nhl/,2025-12-17 11:30:04+00:00
https://www.nytimes.com/es/2025/12/17/espanol/mundo/el-estado-islamico-y-el-ataque-en-bondi-beach.html,2025-12-17 11:30:02+00:00
https://www.nytimes.com/athletic/6894818/2025/12/17/nba-cup-knicks-spurs-poll-the-pulse/,2025-12-17 11:22:21+00:00
https://www.nytimes.com/athletic/6893866/2025/12/17/2025-sports-media-awards-ernie-johnson-elle-duncan/,2025-12-17 11:05:34+00:00
https://www.nytimes.com/athletic/6895513/2025/12/17/bruins-morgan-geekie-david-pastrnak/,2025-12-17 11:02:51+00:00
https://www.nytimes.com/athletic/6895682/2025/12/17/spurs-nba-cup-loss-wemby-thunder/,2025-12-17 11:00:46+00:00
https://www.nytimes.com/athletic/6894499/2025/12/17/justin-jefferson-vikings-1000-yards/,2025-12-17 11:00:39+00:00
https://www.nytimes.com/athletic/6885017/2025/12/17/canada-world-juniors-gavin-mckenna-camp/,2025-12-17 11:00:39+00:00
https://www.nytimes.com/athletic/6893615/2025/12/17/college-football-playoff-bracket-teams-expansion-field/,2025-12-17 11:00:32+00:00
https://www.nytimes.com/athletic/6892062/2025/12/17/hockey-nhl-overlooked-art-kucherov/,2025-12-17 11:00:17+00:00
https://www.nytimes.com/2025/12/17/podcasts/the-headlines/health-care-vote-medetomidine.html,2025-12-17 11:00:09+00:00
https://www.nytimes.com/2025/12/17/crosswords/wordle-review-1643.html,2025-12-17 11:00:07+00:00
https://www.nytimes.com/2025/12/17/crosswords/strands-sidekick-655.html,2025-12-17 11:00:03+00:00
https://www.nytimes.com/2025/12/17/crosswords/connections-companion-921.html,2025-12-17 11:00:03+00:00
https://www.nytimes.com/athletic/6894571/2025/12/17/college-football-playoff-confidential-indiana-ohio-state-georgia/,2025-12-17 10:34:53+00:00
https://www.nytimes.com/athletic/6884653/2025/12/17/billy-vigar-death/,2025-12-17 10:25:22+00:00
https://www.nytimes.com/athletic/6895865/2025/12/17/barcelona-ter-stegen-future-flick-copa-del-rey/,2025-12-17 10:18:47+00:00
https://www.nytimes.com/2025/12/17/business/energy-environment/winter-heating-costs-increase.html,2025-12-17 10:02:14+00:00
https://www.nytimes.com/2025/12/17/opinion/voice-of-hind-rajab-movie-gaza.html,2025-12-17 10:02:10+00:00
https://www.nytimes.com/2025/12/17/podcasts/the-birds-nest-womens-retirement-community-tiny-homes.html,2025-12-17 10:02:04+00:00
https://www.nytimes.com/2025/12/17/learning/what-are-your-favorite-holiday-traditions.html,2025-12-17 10:01:57+00:00
https://www.nytimes.com/2025/12/17/theater/the-bfg-roald-dahl-royal-shakespeare-company.html,2025-12-17 10:01:54+00:00
https://www.nytimes.com/2025/12/17/nyregion/iowa-city-free-buses.html,2025-12-17 10:01:50+00:00
https://www.nytimes.com/2025/12/17/us/immigration-agents-protesters-roof-minnesota.html,2025-12-17 10:01:44+00:00
https://www.nytimes.com/2025/12/17/realestate/685000-dollar-homes-in-detroit-durham-pearl-river.html,2025-12-17 10:01:41+00:00
https://www.nytimes.com/2025/12/17/arts/music/ravel-jardin-feerique.html,2025-12-17 10:01:38+00:00
https://www.nytimes.com/2025/12/17/magazine/movies-heaven-afterlife.html,2025-12-17 10:01:01+00:00
https://www.nytimes.com/2025/12/17/movies/who-killed-santa-claus-film-forum.html,2025-12-17 10:00:57+00:00
https://www.nytimes.com/2025/12/17/books/review/furious-minds-laura-field.html,2025-12-17 10:00:39+00:00
https://www.nytimes.com/2025/12/17/travel/camping-on-a-budget-hawaii-trip.html,2025-12-17 10:00:38+00:00
https://www.nytimes.com/2025/12/17/magazine/rhinelander-trial-interracial-marriage.html,2025-12-17 10:00:33+00:00
https://www.nytimes.com/athletic/6893386/2025/12/17/fantasy-football-best-and-worst-week-16-matchups-start-aaron-jones-sit-the-giants/,2025-12-17 10:00:31+00:00
https://www.nytimes.com/2025/12/17/opinion/republican-identity-divide.html,2025-12-17 10:00:23+00:00
https://www.nytimes.com/2025/12/17/theater/broadway-closing-queen-of-versailles-waiting-for-godot.html,2025-12-17 10:00:23+00:00
https://www.nytimes.com/2025/12/17/well/move/running-mobility-exercises.html,2025-12-17 10:00:17+00:00
https://www.nytimes.com/2025/12/17/technology/trump-crypto-unleashed.html,2025-12-17 10:00:17+00:00
https://www.nytimes.com/2025/12/17/well/family/sterilization-tubal-ligation-younger-women.html,2025-12-17 10:00:07+00:00
https://www.nytimes.com/athletic/6888848/2025/12/17/ashes-australia-england-carey-khawaja-archer-briefing/,2025-12-17 08:54:02+00:00
https://www.nytimes.com/2025/12/17/business/britain-china-cars-byd.html,2025-12-17 08:30:55+00:00
https://www.nytimes.com/athletic/6893012/2025/12/17/fifa-world-cup-ticket-prices-fans/,2025-12-17 08:00:46+00:00
https://www.nytimes.com/2025/12/17/learning/good-bad-movies.html,2025-12-17 08:00:06+00:00
https://www.nytimes.com/2025/12/17/nyregion/nyc-dyslexia-children-eric-adams.html,2025-12-17 08:00:05+00:00
https://www.nytimes.com/2025/12/17/crosswords/spelling-bee-forum.html,2025-12-17 08:00:04+00:00
https://www.nytimes.com/athletic/6894116/2025/12/17/lionel-messi-india-tour/,2025-12-17 07:23:12+00:00
https://www.nytimes.com/athletic/6894170/2025/12/17/chelsea-enzo-maresca-outburst-explained/,2025-12-17 07:12:19+00:00
https://www.nytimes.com/es/2025/12/17/espanol/enrojecimiento-facial-rosacea-edad.html,2025-12-17 07:00:04+00:00
https://www.nytimes.com/2025/12/17/arts/television/late-night-susie-wiles-interview.html,2025-12-17 06:53:12+00:00
https://www.nytimes.com/2025/12/17/world/asia/rabbi-eli-schlanger-funeral-bondi-shooting.html,2025-12-17 06:33:28+00:00
https://www.nytimes.com/athletic/live-blogs/spurs-vs-knicks-live-updates-2025-nba-cup-final-score-result/Tnf4UFSnxM7e/,2025-12-17 06:25:51+00:00
https://www.nytimes.com/athletic/6893851/2025/12/17/real-madrid-xabi-alonso-injuries/,2025-12-17 06:22:54+00:00
https://www.nytimes.com/athletic/6895370/2025/12/16/nba-cup-knicks-spurs-takeaways/,2025-12-17 06:08:48+00:00
https://www.nytimes.com/es/2025/12/17/espanol/mundo/corrupcion-bulgaria-gobierno-protestas.html,2025-12-17 06:00:05+00:00
https://www.nytimes.com/athletic/6895539/2025/12/17/maple-leafs-blackhawks-auston-matthews-comeback-win/,2025-12-17 05:42:10+00:00
https://www.nytimes.com/2025/12/17/world/asia/bali-indonesia-communist-massacres.html,2025-12-17 05:24:54+00:00
https://www.nytimes.com/athletic/6893422/2025/12/17/liverpool-dressing-room-leaders/,2025-12-17 05:13:38+00:00
https://www.nytimes.com/athletic/6862015/2025/12/17/lee-trundle-swansea-wrexham-soccer-am/,2025-12-17 05:12:49+00:00
https://www.nytimes.com/athletic/6891574/2025/12/17/viktor-gyokeres-arsenal-arteta-havertz/,2025-12-17 05:12:45+00:00
https://www.nytimes.com/athletic/6894398/2025/12/17/bruno-fernandes-manchester-united-goals-assists/,2025-12-17 05:10:52+00:00
https://www.nytimes.com/athletic/6890867/2025/12/17/carlos-baleba-brighton-cameroon-afcon/,2025-12-17 05:06:14+00:00
https://www.nytimes.com/2025/12/17/business/china-robot-unitree-ubtech.html,2025-12-17 05:01:13+00:00
https://www.nytimes.com/es/2025/12/17/espanol/mundo/guerra-rusia-ucrania-plan-trump.html,2025-12-17 05:01:05+00:00
https://www.nytimes.com/athletic/6894467/2025/12/17/connections-sports-edition-hints-for-dec-17-2025/,2025-12-17 05:00:20+00:00
https://www.nytimes.com/2025/12/17/pageoneplus/corrections-dec-17-2025.html,2025-12-17 05:00:01+00:00
https://www.nytimes.com/2025/12/16/pageoneplus/quote-of-the-day-browns-tradition-of-openness-is-now-fractured.html,2025-12-17 04:59:00+00:00
https://www.nytimes.com/2025/12/16/world/isis-bondi-beach-attack-ukraine-trump.html,2025-12-17 04:45:54+00:00
https://www.nytimes.com/athletic/6895068/2025/12/16/blackhawks-maple-leafs-artyom-levshunov-scratched/,2025-12-17 04:44:28+00:00
https://www.nytimes.com/athletic/6895435/2025/12/16/diamondbacks-alex-bregman-athletics-ha-seong-kim/,2025-12-17 04:29:07+00:00
https://www.nytimes.com/athletic/6891612/2025/12/16/leon-draisaitl-oilers-1000-points/,2025-12-17 03:53:10+00:00
https://www.nytimes.com/athletic/6895406/2025/12/16/terry-rozier-adam-silver-trade-no-solution/,2025-12-17 03:41:05+00:00
https://www.nytimes.com/2025/12/16/world/australia/bondi-beach-shooting-terror-attack-isis.html,2025-12-17 03:33:19+00:00
https://www.nytimes.com/athletic/6895286/2025/12/16/nba-cup-future-adam-silver-college-arena/,2025-12-17 03:18:07+00:00
https://www.nytimes.com/2025/12/16/crosswords/daily-puzzle-2025-12-17.html,2025-12-17 03:00:04+00:00
https://www.nytimes.com/2025/12/16/us/nick-reiner-death-penalty-murder.html,2025-12-17 02:55:52+00:00
https://www.nytimes.com/2025/12/16/us/nick-reiner-charges-murder-rob-michele.html,2025-12-17 02:47:26+00:00
https://www.nytimes.com/2025/12/16/us/politics/obamacare-subsidies-house.html,2025-12-17 02:43:13+00:00
https://www.nytimes.com/2025/12/16/us/politics/judge-trump-ballroom.html,2025-12-17 02:27:00+00:00
https://www.nytimes.com/athletic/6895216/2025/12/16/adam-silver-nba-expansion-2026-las-vegas-seattle/,2025-12-17 02:04:21+00:00
https://www.nytimes.com/athletic/6894652/2025/12/16/warriors-joe-lacob-owner-fan-email/,2025-12-17 01:51:54+00:00
https://www.nytimes.com/athletic/6895222/2025/12/16/darts-punch-table-injured-hand/,2025-12-17 01:47:14+00:00
https://www.nytimes.com/2025/12/16/nyregion/didarul-islam-widow-lawsuit.html,2025-12-17 01:39:22+00:00
https://www.nytimes.com/athletic/6895213/2025/12/16/terence-crawford-boxing-retirement-undefeated/,2025-12-17 01:34:43+00:00
https://www.nytimes.com/es/2025/12/16/espanol/opinion/stephen-king-rob-reiner-cuenta-conmigo.html,2025-12-17 01:16:43+00:00
https://www.nytimes.com/athletic/6894473/2025/12/16/doug-armstrong-blues-trades-binnington/,2025-12-17 01:13:12+00:00
https://www.nytimes.com/2025/12/16/world/canada/sea-lion-rescue-cowichan-bay-vancouver.html,2025-12-17 01:11:54+00:00
https://www.nytimes.com/2025/12/16/world/asia/india-pakistan-charges-kashmir.html,2025-12-17 01:04:27+00:00
https://www.nytimes.com/2025/12/16/business/kushner-paramount-warner-bros-discovery.html,2025-12-17 00:56:08+00:00
https://www.nytimes.com/athletic/6895011/2025/12/16/sabrina-ionescus-los-angeles-home-burglarized/,2025-12-17 00:53:06+00:00
https://www.nytimes.com/athletic/6895081/2025/12/16/giants-sign-adrian-houser-mlb/,2025-12-17 00:50:24+00:00
https://www.nytimes.com/athletic/6895175/2025/12/16/oilers-vs-penguins-stream-how-to-watch-dec-16/,2025-12-17 00:30:41+00:00
https://www.nytimes.com/athletic/6895171/2025/12/16/capitals-vs-wild-stream-how-to-watch-dec-16/,2025-12-17 00:30:11+00:00
https://www.nytimes.com/2025/12/16/world/americas/boat-strikes-colombia-usa-trump-petro.html,2025-12-17 00:27:23+00:00
https://www.nytimes.com/athletic/6895156/2025/12/16/avalanche-vs-kraken-stream-how-to-watch-dec-16/,2025-12-17 00:24:33+00:00
https://www.nytimes.com/athletic/6895154/2025/12/16/flames-vs-sharks-stream-how-to-watch-dec-16/,2025-12-17 00:23:51+00:00
https://www.nytimes.com/es/2025/12/16/espanol/america-latina/colombia-ataques-barcos-trump.html,2025-12-17 00:22:13+00:00
https://www.nytimes.com/2025/12/16/science/bees-bones-nests.html,2025-12-17 00:01:07+00:00
https://www.nytimes.com/athletic/6894960/2025/12/16/chuck-neinas-big-12-obituary-college-football/,2025-12-16 23:58:00+00:00
https://www.nytimes.com/athletic/6894932/2025/12/16/hawks-executive-guilty-lester-jones-nba/,2025-12-16 23:57:14+00:00
https://www.nytimes.com/athletic/6894044/2025/12/16/mikaela-shiffrin-olympics-world-cup-slalom-win-courchevel/,2025-12-16 23:53:15+00:00
https://www.nytimes.com/athletic/6894572/2025/12/16/fantasy-football-market-share-report-michael-carter/,2025-12-16 23:38:31+00:00
https://www.nytimes.com/athletic/6895020/2025/12/16/dodgers-offseason-free-agents-mailbag/,2025-12-16 23:27:58+00:00
https://www.nytimes.com/2025/12/16/nyregion/mamdani-adams-criticism.html,2025-12-16 23:27:29+00:00
https://www.nytimes.com/2025/12/16/us/politics/heritage-foundation-trustees-resign-tucker-carlson.html,2025-12-16 23:20:51+00:00
https://www.nytimes.com/athletic/6894978/2025/12/16/enzo-maresca-chelsea-outburst-fans-support/,2025-12-16 23:15:12+00:00
https://www.nytimes.com/athletic/6894491/2025/12/16/caribbean-series-venezuela-dominican-republic-puerto-rico-participation/,2025-12-16 23:08:58+00:00
https://www.nytimes.com/athletic/6894517/2025/12/16/manchester-city-financial-results-2024-25/,2025-12-16 23:04:20+00:00
https://www.nytimes.com/athletic/6894716/2025/12/16/us-trump-government-travel-bans-senegal-ivory-coast-world-cup/,2025-12-16 23:03:06+00:00
https://www.nytimes.com/2025/12/16/us/politics/hegseth-congress-boat-strike-video.html,2025-12-16 23:02:07+00:00
https://www.nytimes.com/2025/12/16/us/alan-jackson-nick-reiner-lawyer.html,2025-12-16 23:01:51+00:00
https://www.nytimes.com/2025/12/16/theater/tartuffe-review-matthew-broderick-david-cross.html,2025-12-16 23:00:05+00:00
https://www.nytimes.com/2025/12/16/briefing/rob-reiner-son-charges-unemployment-rate.html,2025-12-16 22:54:25+00:00
https://www.nytimes.com/athletic/6894677/2025/12/16/drew-mestemaker-north-texas-qb-transfer-portal/,2025-12-16 22:39:46+00:00
https://www.nytimes.com/2025/12/16/climate/atmospheric-rivers-forecasts.html,2025-12-16 22:37:54+00:00
https://www.nytimes.com/2025/12/16/us/politics/vance-trump-economy-speech.html,2025-12-16 22:26:55+00:00
https://www.nytimes.com/athletic/6894592/2025/12/16/sherrone-moore-jim-harbaugh-michigan-arrest-firing-reaction/,2025-12-16 22:23:58+00:00
https://www.nytimes.com/athletic/6894796/2025/12/16/chris-marinak-mlb-executive-exit/,2025-12-16 22:19:02+00:00
https://www.nytimes.com/athletic/6894754/2025/12/16/jayden-daniels-injuries-frustrated/,2025-12-16 22:18:01+00:00
https://www.nytimes.com/athletic/6894503/2025/12/16/fantasy-football-week-16-playoffs-schedule-strength-matchups/,2025-12-16 22:16:51+00:00
https://www.nytimes.com/card/2025/12/16/arts/editors-recommendations-juangabriel,2025-12-16 22:15:19+00:00
https://www.nytimes.com/athletic/6894755/2025/12/16/acc-uneven-conference-schedule/,2025-12-16 22:13:34+00:00
https://www.nytimes.com/athletic/6894616/2025/12/16/what-we-learned-from-fifa-best-voting-messi-loves-dembele-and-england-back-their-own/,2025-12-16 22:03:33+00:00
https://www.nytimes.com/2025/12/16/arts/television/matthew-perry-mark-chavez-sentencing.html,2025-12-16 22:03:26+00:00
https://www.nytimes.com/2025/12/16/opinion/trump-reiner-death-post-truth-social.html,2025-12-16 22:00:05+00:00
https://www.nytimes.com/2025/12/16/upshot/spelling-bee-words-2025.html,2025-12-16 21:41:54+00:00
https://www.nytimes.com/athletic/6894476/2025/12/16/phillies-outfield-offseason-trades-signings/,2025-12-16 21:37:12+00:00
https://www.nytimes.com/2025/12/16/world/europe/ukraine-security-guarantees-talks.html,2025-12-16 21:34:21+00:00
https://www.nytimes.com/2025/12/16/us/law-school-black-student-enrollment.html,2025-12-16 21:21:27+00:00
https://www.nytimes.com/2025/12/16/us/brown-university-attack-timeline.html,2025-12-16 21:13:11+00:00
https://cooking.nytimes.com/article/amanda-seyfried-cooking,2025-12-16 21:11:24+00:00
https://www.nytimes.com/es/2025/12/16/espanol/opinion/trump-guerra-mundial.html,2025-12-16 21:03:23+00:00
https://www.nytimes.com/video/Evergreen_2025,2025-12-16 21:00:41+00:00
https://www.nytimes.com/es/2025/12/16/espanol/america-latina/trinidad-tobago-venezuela-aviones-militares-estados-unidos.html,2025-12-16 20:54:15+00:00
https://www.nytimes.com/athletic/6894070/2025/12/16/denny-hamlin-siriusxm-nascar-larry-mcreynolds-dave-moody/,2025-12-16 20:48:12+00:00
https://www.nytimes.com/athletic/6894488/2025/12/16/nick-saban-ownership-group-nashville-predators/,2025-12-16 20:44:36+00:00
https://www.nytimes.com/2025/12/16/climate/the-arctic-oil-gas-climate-change.html,2025-12-16 20:22:52+00:00
https://www.nytimes.com/athletic/6894569/2025/12/16/towson-vs-kansas-stream-how-to-watch-dec-16/,2025-12-16 20:21:59+00:00
https://www.nytimes.com/athletic/6894566/2025/12/16/butler-vs-uconn-stream-how-to-watch-dec-16/,2025-12-16 20:21:12+00:00
https://www.nytimes.com/athletic/6894561/2025/12/16/pacific-vs-byu-stream-how-to-watch-dec-16/,2025-12-16 20:20:30+00:00
https://www.nytimes.com/athletic/6894556/2025/12/16/abilene-christian-vs-arizona-stream-how-to-watch-dec-16/,2025-12-16 20:19:45+00:00
https://www.nytimes.com/athletic/6894539/2025/12/16/northern-colorado-vs-texas-tech-stream-how-to-watch-dec-16/,2025-12-16 20:17:08+00:00
https://www.nytimes.com/athletic/6894455/2025/12/16/brown-shooting-basketball-canceled-mens-womens/,2025-12-16 20:16:42+00:00
https://www.nytimes.com/athletic/6894537/2025/12/16/cal-poly-vs-ucla-stream-how-to-watch-dec-16/,2025-12-16 20:16:39+00:00
https://www.nytimes.com/athletic/6894533/2025/12/16/east-tennessee-state-vs-north-carolina-stream-how-to-watch-dec-16/,2025-12-16 20:16:04+00:00
https://www.nytimes.com/athletic/6894335/2025/12/16/snoop-dogg-netflix-christmas-halftime-show-lions-vikings/,2025-12-16 20:15:46+00:00
https://www.nytimes.com/athletic/6894526/2025/12/16/uapb-vs-tcu-stream-how-to-watch-dec-16/,2025-12-16 20:15:17+00:00
https://www.nytimes.com/athletic/6894524/2025/12/16/queens-vs-arkansas-stream-how-to-watch-dec-16/,2025-12-16 20:14:39+00:00
https://www.nytimes.com/2025/12/16/world/europe/rome-subway-stations-museum-archaeology.html,2025-12-16 20:05:51+00:00
https://www.nytimes.com/2025/12/16/opinion/trump-federal-reserve-powell.html,2025-12-16 20:00:05+00:00
https://www.nytimes.com/2025/12/16/world/canada/carney-british-spelling.html,2025-12-16 19:58:48+00:00
https://www.nytimes.com/athletic/6894254/2025/12/16/terry-rozier-nba-sports-gambling-betting-deniro-laster/,2025-12-16 19:52:48+00:00
https://www.nytimes.com/2025/12/16/movies/oscars-shortlist-awards-sinners-wicked.html,2025-12-16 19:50:18+00:00
https://www.nytimes.com/2025/12/16/sports/f1-lando-norris-drivers-title.html,2025-12-16 19:36:42+00:00
https://www.nytimes.com/2025/12/16/sports/autoracing/f1-lewis-hamilton.html,2025-12-16 19:31:37+00:00
https://www.nytimes.com/2025/12/16/us/politics/susie-wiles-vanity-fair.html,2025-12-16 19:27:35+00:00
https://www.nytimes.com/es/2025/12/16/espanol/cultura/nick-reiner-drogas.html,2025-12-16 19:26:44+00:00
https://www.nytimes.com/2025/12/16/podcasts/best-books-2025-excerpts.html,2025-12-16 19:26:41+00:00
