url,date,publication
https://www.nytimes.com/athletic/6899931/2025/12/19/college-football-playoff-predictions-bracket-2025/,2025-12-19 12:35:56+00:00,nytimes
https://www.nytimes.com/2025/12/18/world/australia/sydney-arrests-suspicion-violent-act.html,2025-12-19 12:31:24+00:00,nytimes
https://www.nytimes.com/athletic/6899449/2025/12/19/college-football-playoff-fans-alabama-ohio-state-indiana/,2025-12-19 12:30:58+00:00,nytimes
https://www.nytimes.com/athletic/6902599/2025/12/19/alabama-college-football-playoff-nick-saban-kalen-deboer/,2025-12-19 12:30:07+00:00,nytimes
https://www.nytimes.com/athletic/6901358/2025/12/19/college-football-general-manager-temple/,2025-12-19 12:29:05+00:00,nytimes
https://www.nytimes.com/athletic/6902446/2025/12/19/warriors-rotation-jonathan-kuminga-trade/,2025-12-19 12:25:30+00:00,nytimes
https://www.nytimes.com/2025/12/19/world/asia/bangladesh-riots-student-killing.html,2025-12-19 12:19:08+00:00,nytimes
https://www.nytimes.com/athletic/6899686/2025/12/19/nfl-week-16-tv-schedule-patriots-ravens-cowboys/,2025-12-19 12:10:34+00:00,nytimes
https://www.nytimes.com/athletic/6902805/2025/12/19/scott-mctominay-manchester-united-improvement-myth/,2025-12-19 12:10:33+00:00,nytimes
https://www.nytimes.com/2025/12/19/briefing/the-brown-manhunt-ends.html,2025-12-19 12:10:04+00:00,nytimes
https://www.nytimes.com/athletic/6902240/2025/12/19/rams-collapse-seahawks-nfc-west/,2025-12-19 12:06:57+00:00,nytimes
https://www.nytimes.com/athletic/6901489/2025/12/19/duke-texas-tech-auburn-purdue-college-basketball-tv/,2025-12-19 12:05:26+00:00,nytimes
https://www.nytimes.com/2025/12/19/world/middleeast/syria-trump-repeal-sanctions-caesar-act.html,2025-12-19 12:02:12+00:00,nytimes
https://www.nytimes.com/interactive/2025/briefing/2025-faces-quiz.html,2025-12-19 12:01:06+00:00,nytimes
https://www.nytimes.com/interactive/2025/briefing/2025-faces-quiz-culture.html,2025-12-19 12:01:05+00:00,nytimes
https://www.nytimes.com/interactive/2025/briefing/2025-faces-quiz-sports.html,2025-12-19 12:01:05+00:00,nytimes
https://www.nytimes.com/interactive/2025/briefing/2025-faces-quiz-politics.html,2025-12-19 12:01:05+00:00,nytimes
https://www.nytimes.com/athletic/6900559/2025/12/19/zach-allen-denver-broncos-defense/,2025-12-19 12:00:59+00:00,nytimes
https://www.nytimes.com/athletic/6901074/2025/12/19/oklahoma-brent-venables-college-football-playoff/,2025-12-19 12:00:59+00:00,nytimes
https://www.nytimes.com/athletic/6899251/2025/12/19/the-prospects-liverpools-kieran-morrison/,2025-12-19 12:00:54+00:00,nytimes
https://www.nytimes.com/athletic/6845922/2025/12/19/blues-trade-board-big-names/,2025-12-19 12:00:52+00:00,nytimes
https://www.nytimes.com/athletic/6901535/2025/12/19/viral-georgia-kid-rocky-top-tennessee/,2025-12-19 12:00:50+00:00,nytimes
https://www.nytimes.com/athletic/6901889/2025/12/19/flyers-foerster-injury-grundstrom-bump/,2025-12-19 12:00:47+00:00,nytimes
https://www.nytimes.com/athletic/6901128/2025/12/19/packers-christian-watson-hospital-playing-vs-bears/,2025-12-19 12:00:47+00:00,nytimes
https://www.nytimes.com/athletic/6899086/2025/12/19/the-athletics-friday-football-quiz-question-86/,2025-12-19 12:00:47+00:00,nytimes
https://www.nytimes.com/athletic/6900809/2025/12/19/sf-giants-bullpen-construction/,2025-12-19 12:00:45+00:00,nytimes
https://www.nytimes.com/athletic/6901027/2025/12/19/alex-bregman-red-sox-free-agency-diamondbacks/,2025-12-19 12:00:41+00:00,nytimes
https://www.nytimes.com/athletic/6902405/2025/12/19/travis-head-australia-ashes-england-carey/,2025-12-19 12:00:40+00:00,nytimes
https://www.nytimes.com/athletic/6900544/2025/12/19/raptors-jakob-poeltl-contract-jamal-shead/,2025-12-19 12:00:39+00:00,nytimes
https://www.nytimes.com/athletic/6898626/2025/12/19/fixing-chiefs-offense-run-game/,2025-12-19 12:00:39+00:00,nytimes
https://www.nytimes.com/athletic/6901912/2025/12/19/usa-ticket-prices-sporting-events-world-cup-2026/,2025-12-19 12:00:32+00:00,nytimes
https://www.nytimes.com/athletic/6900995/2025/12/19/college-football-playoff-home-field-advantage-stadiums/,2025-12-19 12:00:30+00:00,nytimes
https://www.nytimes.com/athletic/6900273/2025/12/19/college-football-playoff-teams-roster-construction-recruiting-portal/,2025-12-19 12:00:21+00:00,nytimes
https://www.nytimes.com/athletic/6902413/2025/12/19/warriors-lose-steph-curry-suns/,2025-12-19 12:00:17+00:00,nytimes
https://www.nytimes.com/athletic/6869186/2025/12/19/myles-garrett-browns-sack-record/,2025-12-19 12:00:15+00:00,nytimes
https://www.nytimes.com/athletic/6901028/2025/12/19/cade-cunningham-pistons-high-school-stats-games-career/,2025-12-19 12:00:10+00:00,nytimes
https://www.nytimes.com/athletic/6901650/2025/12/19/blue-jays-crowded-bullpen-notes/,2025-12-19 12:00:09+00:00,nytimes
https://www.nytimes.com/2025/12/19/podcasts/hardfork-roomba-predictions-song.html,2025-12-19 12:00:07+00:00,nytimes
https://www.nytimes.com/athletic/6901967/2025/12/19/knicks-pacers-tyler-kolek-jalen-brunson/,2025-12-19 11:56:41+00:00,nytimes
https://www.nytimes.com/athletic/6896318/2025/12/19/echeverri-man-city-leverkusen-transfers-loan/,2025-12-19 11:54:50+00:00,nytimes
https://www.nytimes.com/athletic/6902291/2025/12/19/mavericks-win-cooper-flagg-anthony-davis/,2025-12-19 11:51:18+00:00,nytimes
https://www.nytimes.com/athletic/6902714/2025/12/19/xabi-alonso-real-madrid-future-sack-la-liga/,2025-12-19 11:50:09+00:00,nytimes
https://www.nytimes.com/athletic/6901719/2025/12/18/puka-nacua-td-celebration-antisemitic-adin-ross-stream/,2025-12-19 11:49:23+00:00,nytimes
https://www.nytimes.com/2025/12/19/health/cannabis-reclassification-schedule-drug-research.html,2025-12-19 11:41:22+00:00,nytimes
https://www.nytimes.com/2025/12/18/world/europe/ukraine-zelensky-russia-putin.html,2025-12-19 11:38:32+00:00,nytimes
https://www.nytimes.com/athletic/6900446/2025/12/19/2026-world-cup-fifa-fan-fests-bay-area-san-francisco/,2025-12-19 11:38:22+00:00,nytimes
https://www.nytimes.com/2025/12/19/arts/dance/marco-goecke-feces-critic-nutcracker.html,2025-12-19 11:34:40+00:00,nytimes
https://www.nytimes.com/athletic/6877429/2025/12/19/nba-trade-rumors-anthony-davis-trae-young/,2025-12-19 11:34:06+00:00,nytimes
https://www.nytimes.com/athletic/6900835/2025/12/19/bears-mailbag-rome-odunze-luther-burden-week-16-picks/,2025-12-19 11:30:49+00:00,nytimes
https://www.nytimes.com/athletic/6892063/2025/12/19/phillies-pitching-depth-offseason/,2025-12-19 11:30:27+00:00,nytimes
https://www.nytimes.com/es/2025/12/19/espanol/mundo/canciller-alemania-europa-ucrania.html,2025-12-19 11:30:03+00:00,nytimes
https://www.nytimes.com/athletic/6895863/2025/12/18/alternative-premier-league-table-own-goals/,2025-12-19 11:28:23+00:00,nytimes
https://www.nytimes.com/athletic/6902012/2025/12/18/texas-am-sweeps-pitt-first-volleyball-final/,2025-12-19 11:22:34+00:00,nytimes
https://www.nytimes.com/athletic/6902778/2025/12/19/cody-gakpo-liverpool-injury-news/,2025-12-19 11:20:58+00:00,nytimes
https://www.nytimes.com/live/2025/12/19/us/brown-mit-shooting-suspect,2025-12-19 11:20:41+00:00,nytimes
https://www.nytimes.com/2025/12/19/us/brown-mit-shootings-what-we-know.html,2025-12-19 11:20:39+00:00,nytimes
https://www.nytimes.com/athletic/6900096/2025/12/19/the-college-football-playoff-is-finally-here-plus-a-tnf-classic/,2025-12-19 11:14:48+00:00,nytimes
https://www.nytimes.com/2025/12/18/world/europe/putin-russia-ukraine.html,2025-12-19 11:13:33+00:00,nytimes
https://www.nytimes.com/2025/12/19/world/europe/ukraine-russia-frozen-assets-loan.html,2025-12-19 11:12:36+00:00,nytimes
https://www.nytimes.com/2025/12/19/us/nebraska-hog-farm-worker-death-osha.html,2025-12-19 11:09:54+00:00,nytimes
https://www.nytimes.com/2025/12/19/us/brown-shooting-suspect-diversity-visa-program.html,2025-12-19 11:07:35+00:00,nytimes
https://www.nytimes.com/athletic/6902724/2025/12/19/tafc-afcon-messi-barcelona/,2025-12-19 11:05:35+00:00,nytimes
https://www.nytimes.com/athletic/6901723/2025/12/19/stephon-castle-darius-garland-nba-trends/,2025-12-19 11:05:01+00:00,nytimes
https://www.nytimes.com/athletic/6898101/2025/12/19/college-football-playoff-first-round-games-tv-schedule/,2025-12-19 11:03:36+00:00,nytimes
https://www.nytimes.com/athletic/6902182/2025/12/19/rangers-win-blues-j-t-miller-overtime/,2025-12-19 11:02:28+00:00,nytimes
https://www.nytimes.com/athletic/6902477/2025/12/19/enzo-maresca-chelsea-future/,2025-12-19 11:01:06+00:00,nytimes
https://www.nytimes.com/athletic/6902298/2025/12/19/nikola-jokic-center-assists-record/,2025-12-19 11:00:58+00:00,nytimes
https://www.nytimes.com/athletic/6902226/2025/12/19/canadiens-blackhawks-zack-bolduc-domino-effect/,2025-12-19 11:00:56+00:00,nytimes
https://www.nytimes.com/athletic/6901866/2025/12/19/bruins-oilers-trent-frederic-trade/,2025-12-19 11:00:55+00:00,nytimes
https://www.nytimes.com/athletic/6901541/2025/12/19/eagles-notes-saquon-barkley-on-verge-of-back-to-back-nfc-east-titles-1000-yard-seasons/,2025-12-19 11:00:51+00:00,nytimes
https://www.nytimes.com/athletic/6900997/2025/12/19/canada-olympic-roster-trades-danault-andersson/,2025-12-19 11:00:42+00:00,nytimes
https://www.nytimes.com/athletic/6900803/2025/12/19/bills-notebook-for-browns-game-whats-up-with-dalton-kincaid/,2025-12-19 11:00:39+00:00,nytimes
https://www.nytimes.com/athletic/6902251/2025/12/19/49ers-no-1-seed-roster-improbable/,2025-12-19 11:00:30+00:00,nytimes
https://www.nytimes.com/athletic/6896384/2025/12/19/nfl-quarterbacks-2026-draft-trade-free-agency-fernando-mendoza-mac-jones/,2025-12-19 11:00:26+00:00,nytimes
https://www.nytimes.com/athletic/6902363/2025/12/19/sam-darnold-seahawks-rams-nfc-rally/,2025-12-19 11:00:21+00:00,nytimes
https://www.nytimes.com/athletic/6895317/2025/12/19/maple-leafs-attendance-nhl-tickets/,2025-12-19 11:00:21+00:00,nytimes
https://www.nytimes.com/athletic/6900482/2025/12/19/ravens-steelers-afc-north-division-title-whiparound/,2025-12-19 11:00:20+00:00,nytimes
https://www.nytimes.com/athletic/6899585/2025/12/19/sydni-summers-unlv-womens-basketball/,2025-12-19 11:00:20+00:00,nytimes
https://www.nytimes.com/2025/12/19/podcasts/the-daily/trump-economy-affordability.html,2025-12-19 11:00:13+00:00,nytimes
https://www.nytimes.com/athletic/6901520/2025/12/19/acl-tear-explained-patrick-mahomes-micah-parsons-nfl/,2025-12-19 11:00:12+00:00,nytimes
https://www.nytimes.com/athletic/6902124/2025/12/19/nfc-playoff-pictures-seahawks-49ers-rams/,2025-12-19 11:00:11+00:00,nytimes
https://www.nytimes.com/athletic/6900645/2025/12/19/sports-gambling-betting-problem-crisis-demaurice-smith/,2025-12-19 11:00:11+00:00,nytimes
https://www.nytimes.com/2025/12/19/podcasts/the-headlines/brown-university-suspect-trump-marijuana.html,2025-12-19 11:00:10+00:00,nytimes
https://www.nytimes.com/2025/12/19/crosswords/connections-companion-923.html,2025-12-19 11:00:07+00:00,nytimes
https://www.nytimes.com/2025/12/19/crosswords/wordle-review-1645.html,2025-12-19 11:00:03+00:00,nytimes
https://www.nytimes.com/2025/12/19/crosswords/strands-sidekick-657.html,2025-12-19 11:00:03+00:00,nytimes
https://www.nytimes.com/athletic/6894225/2025/12/19/tennis-next-gen-atp-finals-draw-results/,2025-12-19 10:56:50+00:00,nytimes
https://www.nytimes.com/athletic/6894723/2025/12/19/jeremie-frimpong-liverpool-injury-pilates/,2025-12-19 10:54:33+00:00,nytimes
https://www.nytimes.com/athletic/6902436/2025/12/19/australia-match-fixing-soccer-ban/,2025-12-19 10:54:12+00:00,nytimes
https://www.nytimes.com/athletic/6902487/2025/12/19/arsenal-team-news-havertz-gabriel/,2025-12-19 10:50:49+00:00,nytimes
https://www.nytimes.com/athletic/6902581/2025/12/19/fabian-hurzeler-brighton-january-transfers/,2025-12-19 10:50:29+00:00,nytimes
https://www.nytimes.com/athletic/6898463/2025/12/18/pep-guardiola-manchester-city-legacy/,2025-12-19 10:47:57+00:00,nytimes
https://www.nytimes.com/2025/12/18/business/bp-new-ceo-oil.html,2025-12-19 10:41:00+00:00,nytimes
https://www.nytimes.com/interactive/2025/12/19/world/europe/ukraine-war-drone-attacks.html,2025-12-19 10:31:52+00:00,nytimes
https://www.nytimes.com/athletic/6901487/2025/12/19/mlb-emmanuel-ortiz-cell-phone-betting-caught/,2025-12-19 10:30:44+00:00,nytimes
https://www.nytimes.com/athletic/6901286/2025/12/19/panthers-baker-mayfield-nfc-south-playoffs-bucs/,2025-12-19 10:30:25+00:00,nytimes
https://www.nytimes.com/athletic/6901209/2025/12/19/dylan-cook-pittsburgh-steelers/,2025-12-19 10:30:01+00:00,nytimes
https://www.nytimes.com/interactive/2025/12/19/us/elections/2025-election-takeaways.html,2025-12-19 10:21:51+00:00,nytimes
https://www.nytimes.com/athletic/6902539/2025/12/19/cent-conn-st-vs-maryland-stream-how-to-watch-dec-19/,2025-12-19 10:16:28+00:00,nytimes
https://www.nytimes.com/athletic/6898887/2025/12/18/how-to-watch-49ers-vs-colts-tv-channel-and-streaming-options-for-december-22/,2025-12-19 10:14:18+00:00,nytimes
https://www.nytimes.com/athletic/6902469/2025/12/19/tino-livramento-newcastle-injury-news/,2025-12-19 10:13:17+00:00,nytimes
https://www.nytimes.com/es/2025/12/19/espanol/america-latina/garcia-harfuch-carteles-mexico.html,2025-12-19 10:12:23+00:00,nytimes
https://www.nytimes.com/athletic/6845282/2025/12/19/unai-emery-aston-vila-organisation/,2025-12-19 10:10:59+00:00,nytimes
https://www.nytimes.com/es/2025/12/19/espanol/america-latina/omar-garcia-harfuch-entrevista.html,2025-12-19 10:10:05+00:00,nytimes
https://www.nytimes.com/es/2025/12/19/espanol/estilos-de-vida/influenza-covid-gripe-sintomas.html,2025-12-19 10:04:14+00:00,nytimes
https://www.nytimes.com/interactive/2025/12/19/briefing/news-quiz-rob-reiner-trump.html,2025-12-19 10:04:09+00:00,nytimes
https://www.nytimes.com/2025/12/19/well/loss-grief-tips-acts-of-kindness.html,2025-12-19 10:04:08+00:00,nytimes
https://www.nytimes.com/es/2025/12/19/espanol/opinion/la-voz-de-hind-rajab.html,2025-12-19 10:04:06+00:00,nytimes
https://www.nytimes.com/2025/12/19/us/politics/lumbee-tribe-north-carolina-federal-recognition.html,2025-12-19 10:04:01+00:00,nytimes
https://www.nytimes.com/es/2025/12/19/espanol/cultura/peliculas-notables-2025.html,2025-12-19 10:03:59+00:00,nytimes
https://www.nytimes.com/2025/12/19/opinion/trump-marijuana-policy.html,2025-12-19 10:03:54+00:00,nytimes
https://www.nytimes.com/interactive/2025/12/19/magazine/off-leash-dogs-hodgman-quiz.html,2025-12-19 10:03:51+00:00,nytimes
https://www.nytimes.com/2025/12/19/us/wildfire-fighters-cancer.html,2025-12-19 10:03:49+00:00,nytimes
https://www.nytimes.com/2025/12/19/opinion/pelosi-woman-president.html,2025-12-19 10:03:48+00:00,nytimes
https://www.nytimes.com/2025/12/19/learning/whats-the-best-gift-youve-ever-received.html,2025-12-19 10:03:41+00:00,nytimes
https://www.nytimes.com/2025/12/19/world/americas/mexicos-security-chief-cartels.html,2025-12-19 10:03:40+00:00,nytimes
https://www.nytimes.com/2025/12/19/movies/avatar-series-recap-fire-and-ash.html,2025-12-19 10:02:37+00:00,nytimes
https://www.nytimes.com/2025/12/19/opinion/communities-fund-one-goal.html,2025-12-19 10:02:35+00:00,nytimes
https://www.nytimes.com/2025/12/19/style/emily-in-paris-showstudio-ai.html,2025-12-19 10:02:30+00:00,nytimes
https://www.nytimes.com/2025/12/19/world/europe/germany-christmas-market-security-bollard-attacks.html,2025-12-19 10:02:29+00:00,nytimes
https://www.nytimes.com/2025/12/19/movies/new-movies-this-week-critics.html,2025-12-19 10:02:23+00:00,nytimes
https://www.nytimes.com/2025/12/19/arts/television/jake-paul-anthony-joshua-boxing-streaming.html,2025-12-19 10:02:20+00:00,nytimes
https://www.nytimes.com/2025/12/19/opinion/romney-tax-the-rich.html,2025-12-19 10:02:18+00:00,nytimes
https://www.nytimes.com/2025/12/19/arts/music/magic-flute-met-opera.html,2025-12-19 10:02:14+00:00,nytimes
https://www.nytimes.com/2025/12/19/business/k-shaped-economy.html,2025-12-19 10:02:13+00:00,nytimes
https://www.nytimes.com/2025/12/19/nyregion/metrocard-food-tour.html,2025-12-19 10:02:07+00:00,nytimes
https://www.nytimes.com/es/2025/12/19/espanol/estilos-de-vida/elegir-restaurante-viajes.html,2025-12-19 10:02:04+00:00,nytimes
https://www.nytimes.com/2025/12/19/world/americas/mexico-cartels-harfuch.html,2025-12-19 10:01:59+00:00,nytimes
https://www.nytimes.com/2025/12/19/travel/visiting-places-to-go.html,2025-12-19 10:01:59+00:00,nytimes
https://www.nytimes.com/2025/12/19/realestate/1-3-million-homes-in-italy.html,2025-12-19 10:01:50+00:00,nytimes
https://www.nytimes.com/2025/12/19/health/fda-marty-makary-kennedy.html,2025-12-19 10:01:49+00:00,nytimes
https://www.nytimes.com/athletic/6900244/2025/12/19/james-pearce-jr-falcons-defensive-rookie-of-the-year/,2025-12-19 10:01:48+00:00,nytimes
https://www.nytimes.com/2025/12/19/business/stock-market-forecast-wall-street.html,2025-12-19 10:01:46+00:00,nytimes
https://www.nytimes.com/2025/12/19/opinion/tech-free-college-spaces.html,2025-12-19 10:01:41+00:00,nytimes
https://www.nytimes.com/2025/12/19/movies/sorry-baby-lurker-best-streaming-movies.html,2025-12-19 10:01:39+00:00,nytimes
https://www.nytimes.com/2025/12/19/movies/breakdown-1975-review.html,2025-12-19 10:01:38+00:00,nytimes
https://www.nytimes.com/athletic/6900655/2025/12/19/patriots-ravens-snf-playoff-hopes-division-seed/,2025-12-19 10:01:04+00:00,nytimes
https://www.nytimes.com/2025/12/19/insider/50-best-clothings-stores.html,2025-12-19 10:01:03+00:00,nytimes
https://www.nytimes.com/2025/12/19/technology/why-do-ai-chatbots-use-i.html,2025-12-19 10:01:00+00:00,nytimes
https://www.nytimes.com/2025/12/19/arts/design/louvre-heist-thief-museum-security.html,2025-12-19 10:00:58+00:00,nytimes
https://www.nytimes.com/2025/12/19/realestate/ai-interior-design-visualization-tools.html,2025-12-19 10:00:53+00:00,nytimes
https://www.nytimes.com/2025/12/19/realestate/wall-to-wall-carpet-decor-trends.html,2025-12-19 10:00:50+00:00,nytimes
https://www.nytimes.com/2025/12/19/well/mind/worry-callout.html,2025-12-19 10:00:43+00:00,nytimes
https://www.nytimes.com/2025/12/19/travel/us-travel-tourism-visas.html,2025-12-19 10:00:37+00:00,nytimes
https://www.nytimes.com/athletic/6901751/2025/12/19/college-football-playoff-nick-saban-kirk-herbstreit-jmu-tulane/,2025-12-19 10:00:29+00:00,nytimes
https://www.nytimes.com/2025/12/19/us/politics/army-washington-dc-airspace-helicopter-crash.html,2025-12-19 10:00:25+00:00,nytimes
https://www.nytimes.com/2025/12/19/opinion/tolkien-grief-lord-rings.html,2025-12-19 10:00:23+00:00,nytimes
https://www.nytimes.com/2025/12/19/us/florida-executions-record.html,2025-12-19 10:00:17+00:00,nytimes
https://www.nytimes.com/2025/12/19/books/review/mysteries-childrens-books.html,2025-12-19 10:00:08+00:00,nytimes
https://www.nytimes.com/2025/12/19/well/can-science-win-on-social-media-ask-dr-noc.html,2025-12-19 10:00:07+00:00,nytimes
https://www.nytimes.com/athletic/6901836/2025/12/18/ausar-thompson-ejected-pistons-mavericks-video/,2025-12-19 09:58:32+00:00,nytimes
https://www.nytimes.com/interactive/2025/12/17/climate/china-hefei-clean-energy-drones-evs-robots.html,2025-12-19 09:04:41+00:00,nytimes
https://www.nytimes.com/zh-hans/interactive/2025/12/19/chinese/china-hefei-clean-energy-drones-evs-robots.html,2025-12-19 09:04:40+00:00,nytimes
https://www.nytimes.com/2025/12/18/world/german-chancellor-america-ukraine-europe.html,2025-12-19 08:52:37+00:00,nytimes
https://www.nytimes.com/2025/12/19/us/mit-professor-brown-shooting-suspect-portugal.html,2025-12-19 08:50:09+00:00,nytimes
https://www.nytimes.com/2025/12/19/us/brown-mit-shooting-investigation-reddit.html,2025-12-19 08:49:56+00:00,nytimes
https://www.nytimes.com/athletic/6902025/2025/12/19/luka-doncic-lakers-jazz-highlights-score/,2025-12-19 08:41:16+00:00,nytimes
https://www.nytimes.com/athletic/6899387/2025/12/19/everton-friedkin-moyes-stadium/,2025-12-19 08:34:55+00:00,nytimes
https://www.nytimes.com/2025/12/19/world/asia/australia-gun-buyback-bondi-shooting.html,2025-12-19 08:34:47+00:00,nytimes
https://www.nytimes.com/athletic/6901486/2025/12/19/seahawks-score-result-takeaways-thursday-night-football/,2025-12-19 08:30:46+00:00,nytimes
https://www.nytimes.com/2025/12/18/business/bank-of-japan-rates-inflation.html,2025-12-19 08:24:01+00:00,nytimes
https://www.nytimes.com/2025/12/18/books/review/animal-goncourt-trente-million-prize.html,2025-12-19 08:17:21+00:00,nytimes
https://www.nytimes.com/2025/12/18/weather/california-rain-christmas-snow-forecast.html,2025-12-19 08:07:31+00:00,nytimes
https://www.nytimes.com/athletic/6901091/2025/12/19/ashes-australia-head-england-stokes-briefing/,2025-12-19 08:03:48+00:00,nytimes
https://www.nytimes.com/es/2025/12/19/espanol/estados-unidos/trump-ataque-venezuela-legalidad.html,2025-12-19 08:00:13+00:00,nytimes
https://www.nytimes.com/2025/12/19/nyregion/judge-ice-detention-long-island.html,2025-12-19 08:00:10+00:00,nytimes
https://www.nytimes.com/2025/12/19/learning/snow-day.html,2025-12-19 08:00:08+00:00,nytimes
https://www.nytimes.com/2025/12/19/nyregion/new-school-nyc-cuts.html,2025-12-19 08:00:05+00:00,nytimes
https://www.nytimes.com/2025/12/19/crosswords/spelling-bee-forum.html,2025-12-19 08:00:04+00:00,nytimes
https://www.nytimes.com/athletic/6901681/2025/12/19/enzo-maresca-chelsea-man-city-interest/,2025-12-19 07:54:44+00:00,nytimes
https://www.nytimes.com/athletic/6898276/2025/12/18/ferrari-lewis-hamilton-charles-leclerc-2026-f1/,2025-12-19 07:53:15+00:00,nytimes
https://www.nytimes.com/2025/12/19/arts/television/jimmy-kimmel-trump-speech.html,2025-12-19 07:27:18+00:00,nytimes
https://www.nytimes.com/athletic/6899367/2025/12/19/shohei-ohtani-record-card-sale-dodgers/,2025-12-19 07:18:54+00:00,nytimes
https://www.nytimes.com/athletic/6893517/2025/12/19/joel-drakes-thomas-crystal-palace-kups/,2025-12-19 07:09:58+00:00,nytimes
https://www.nytimes.com/es/2025/12/19/espanol/mundo/secuestro-ninos-escuela-nigeria.html,2025-12-19 07:00:07+00:00,nytimes
https://www.nytimes.com/2025/12/19/learning/word-of-the-day-indefatigable.html,2025-12-19 07:00:03+00:00,nytimes
https://www.nytimes.com/athletic/6901928/2025/12/19/rams-seahawks-score-result-takeaways-thursday-night-football/,2025-12-19 06:55:24+00:00,nytimes
https://www.nytimes.com/athletic/6902195/2025/12/19/blazers-kings-deni-avdija-foul-demar-derozan/,2025-12-19 06:52:54+00:00,nytimes
https://www.nytimes.com/2025/12/18/world/europe/russia-eu-ukraine-frozen-assets.html,2025-12-19 06:34:17+00:00,nytimes
https://www.nytimes.com/athletic/6901927/2025/12/19/nflpa-heather-mcphee-lawsuit-retaliation-fbi-investigation/,2025-12-19 06:34:14+00:00,nytimes
https://www.nytimes.com/athletic/live-blogs/rams-vs-seahawks-live-score-updates-nfl-tnf-result/zzJFFpeMF1Fl/,2025-12-19 06:30:06+00:00,nytimes
https://www.nytimes.com/2025/12/19/us/neves-valente-supect-what-we-know.html,2025-12-19 06:25:35+00:00,nytimes
https://www.nytimes.com/2025/12/18/us/politics/james-b-hunt-jr-dead.html,2025-12-19 06:05:15+00:00,nytimes
https://www.nytimes.com/es/2025/12/19/espanol/mundo/crisis-problemas-iran-estados-unidos.html,2025-12-19 06:00:11+00:00,nytimes
https://www.nytimes.com/2025/12/19/opinion/tehran-iran-water-drought-crisis.html,2025-12-19 06:00:05+00:00,nytimes
https://www.nytimes.com/athletic/6901991/2025/12/18/seahawks-2-point-conversion-rams-thursday-night-football/,2025-12-19 05:57:11+00:00,nytimes
https://www.nytimes.com/athletic/6902017/2025/12/18/maple-leafs-power-play-berube-capitals/,2025-12-19 05:32:31+00:00,nytimes
https://www.nytimes.com/live/2025/12/18/us/trump-news,2025-12-19 05:28:53+00:00,nytimes
https://www.nytimes.com/athletic/6844578/2025/12/19/brighton-fixtures-afcon/,2025-12-19 05:28:14+00:00,nytimes
https://www.nytimes.com/athletic/6899226/2025/12/19/chelsea-womens-champions-league-credentials-analysis/,2025-12-19 05:25:53+00:00,nytimes
https://www.nytimes.com/athletic/6901440/2025/12/18/zion-williamson-bench-pelicans-starting-lineup/,2025-12-19 05:25:23+00:00,nytimes
https://www.nytimes.com/athletic/6899323/2025/12/19/mainoo-manchester-united-amorim/,2025-12-19 05:23:26+00:00,nytimes
https://www.nytimes.com/athletic/6894821/2025/12/19/fantasy-premier-league-gameweek-17-fpl-tips-chips/,2025-12-19 05:23:00+00:00,nytimes
https://www.nytimes.com/athletic/6898949/2025/12/19/west-ham-london-stadium-relegation/,2025-12-19 05:20:27+00:00,nytimes
https://www.nytimes.com/2025/12/19/us/trump-administration-appeal-harvard-funding-case.html,2025-12-19 05:19:59+00:00,nytimes
https://www.nytimes.com/athletic/6901318/2025/12/18/wild-blue-jackets-injuries-takeaways/,2025-12-19 05:17:30+00:00,nytimes
https://www.nytimes.com/athletic/6897163/2025/12/19/maresca-guardiola-tactical-comparison/,2025-12-19 05:13:52+00:00,nytimes
https://www.nytimes.com/athletic/6899315/2025/12/19/mikel-arteta-arsenal-six-years/,2025-12-19 05:13:04+00:00,nytimes
https://www.nytimes.com/athletic/6899129/2025/12/19/thomas-frank-tottenham-premier-league/,2025-12-19 05:12:34+00:00,nytimes
https://www.nytimes.com/athletic/6896089/2025/12/19/premier-league-predictions-md17/,2025-12-19 05:12:28+00:00,nytimes
https://www.nytimes.com/athletic/6896882/2025/12/19/the-radar-scouting-2025-afcon/,2025-12-19 05:12:01+00:00,nytimes
https://www.nytimes.com/athletic/6898979/2025/12/19/forest-sean-dyche-style-pragmatism/,2025-12-19 05:08:21+00:00,nytimes
https://www.nytimes.com/athletic/6882189/2025/12/19/afcon-2025-too-big-to-ignore/,2025-12-19 05:07:23+00:00,nytimes
https://www.nytimes.com/athletic/6895936/2025/12/19/world-cup-ticket-prices-fifa-analysis/,2025-12-19 05:07:16+00:00,nytimes
https://www.nytimes.com/athletic/6801855/2025/12/18/mlb-michael-king-free-agency-signing-padres/,2025-12-19 05:05:02+00:00,nytimes
https://www.nytimes.com/2025/12/19/world/europe/uk-defense-russia.html,2025-12-19 05:01:05+00:00,nytimes
https://www.nytimes.com/2025/12/18/us/politics/trump-insults-second-term.html,2025-12-19 05:00:36+00:00,nytimes
https://www.nytimes.com/athletic/6901314/2025/12/19/connections-sports-edition-hints-for-dec-19-2025/,2025-12-19 05:00:27+00:00,nytimes
https://www.nytimes.com/athletic/6901907/2025/12/18/blue-jackets-werenski-greaves-wild/,2025-12-19 05:00:27+00:00,nytimes
https://www.nytimes.com/2025/12/19/style/claudia-robles-gil-prakhar-gupta-wedding.html,2025-12-19 05:00:22+00:00,nytimes
https://www.nytimes.com/2025/12/19/pageoneplus/corrections-dec-19-2025.html,2025-12-19 05:00:20+00:00,nytimes
https://www.nytimes.com/2025/12/19/style/irene-zahariadis-kevin-walker-wedding.html,2025-12-19 05:00:18+00:00,nytimes
https://www.nytimes.com/2025/12/19/style/simone-gaillard-michael-craver-wedding.html,2025-12-19 05:00:16+00:00,nytimes
https://www.nytimes.com/2025/12/19/business/economy/trump-trade-global-econ.html,2025-12-19 05:00:13+00:00,nytimes
https://www.nytimes.com/2025/12/19/style/grace-aki-f-haynie-wedding.html,2025-12-19 05:00:11+00:00,nytimes
https://www.nytimes.com/2025/12/19/style/modern-love-revenge-of-the-people-pleaser.html,2025-12-19 05:00:05+00:00,nytimes
https://www.nytimes.com/2025/12/18/pageoneplus/quote-of-the-day-the-one-boat-strike-hegseth-isnt-sharing.html,2025-12-19 04:59:00+00:00,nytimes
https://www.nytimes.com/athletic/6901240/2025/12/18/blackhawks-oliver-moore-nick-lardis-ryan-greene/,2025-12-19 04:34:16+00:00,nytimes
https://www.nytimes.com/2025/12/18/world/asia/bondi-philippines-hotel.html,2025-12-19 04:29:00+00:00,nytimes
https://www.nytimes.com/2025/12/18/us/politics/trump-marijuana-reclassify-order.html,2025-12-19 04:25:18+00:00,nytimes
https://www.nytimes.com/athletic/6901643/2025/12/18/penguins-silovs-penalties-muse-senators/,2025-12-19 04:21:20+00:00,nytimes
https://www.nytimes.com/athletic/6894501/2025/12/18/tyler-skaggs-angels-wrongful-death-trial/,2025-12-19 03:57:22+00:00,nytimes
https://www.nytimes.com/athletic/6901590/2025/12/18/international-prospect-wandy-asigen-mets-yankees-opt-out/,2025-12-19 03:48:10+00:00,nytimes
https://www.nytimes.com/athletic/6901556/2025/12/18/josh-hoover-transfer-portal-quarterbacks/,2025-12-19 03:38:29+00:00,nytimes
https://www.nytimes.com/2025/12/18/us/judge-hannah-dugan-trial-verdict.html,2025-12-19 03:28:12+00:00,nytimes
https://www.nytimes.com/2025/12/18/us/judge-hannah-dugan-trial-takeaways.html,2025-12-19 03:05:56+00:00,nytimes
https://www.nytimes.com/athletic/6897388/2025/12/18/bears-broadcaster-jeff-joniak-espn/,2025-12-19 03:03:55+00:00,nytimes
https://www.nytimes.com/2025/12/18/crosswords/daily-puzzle-2025-12-19.html,2025-12-19 03:00:04+00:00,nytimes
https://www.nytimes.com/2025/12/18/style/luigi-mangione-court-hearings-suits.html,2025-12-19 02:57:23+00:00,nytimes
https://www.nytimes.com/athletic/6899742/2025/12/18/anthony-richardson-practice-return-injury-colts/,2025-12-19 02:42:58+00:00,nytimes
https://www.nytimes.com/athletic/6901422/2025/12/18/kenny-dillinghams-michigan-arizona-state-coach-rumors/,2025-12-19 02:40:33+00:00,nytimes
https://www.nytimes.com/2025/12/18/science/lemon-planet-pulsar-webb.html,2025-12-19 02:32:34+00:00,nytimes
https://www.nytimes.com/2025/12/18/world/asia/australia-matilda-funeral-bondi-shooting.html,2025-12-19 02:30:38+00:00,nytimes
https://www.nytimes.com/2025/12/18/style/coldplay-concert-couple-kiss-cam-woman.html,2025-12-19 02:02:55+00:00,nytimes
https://www.nytimes.com/2025/12/18/business/media/tiktok-deal-agreements-us-investors.html,2025-12-19 02:02:36+00:00,nytimes
https://www.nytimes.com/athletic/6900696/2025/12/18/warriors-al-horford-sciatica/,2025-12-19 01:51:36+00:00,nytimes
https://www.nytimes.com/2025/12/18/opinion/democrats-liberals-oil-gas-industry.html,2025-12-19 01:50:15+00:00,nytimes
https://www.nytimes.com/athletic/6901510/2025/12/18/john-means-injury-mlb-free-agency/,2025-12-19 01:45:28+00:00,nytimes
https://www.nytimes.com/2025/12/18/us/minnesota-fraud-scandal.html,2025-12-19 01:39:39+00:00,nytimes
https://www.nytimes.com/2025/12/18/us/politics/democrats-trump-deportations.html,2025-12-19 01:39:14+00:00,nytimes
https://www.nytimes.com/athletic/6899472/2025/12/18/giannis-antetokounmpo-bucks-nba-trade-rumors-comments/,2025-12-19 01:13:35+00:00,nytimes
https://www.nytimes.com/2025/12/18/us/trump-address-warrior-dividend-military-check-1776.html,2025-12-19 01:03:38+00:00,nytimes
https://www.nytimes.com/2025/12/17/arts/dance/hans-van-manen-dead.html,2025-12-19 01:02:00+00:00,nytimes
https://www.nytimes.com/2025/12/18/world/asia/japan-china-pandas.html,2025-12-19 01:00:07+00:00,nytimes
https://www.nytimes.com/2025/12/18/us/politics/judges-sept-11-guantanamo.html,2025-12-19 00:58:03+00:00,nytimes
https://www.nytimes.com/athletic/6901344/2025/12/18/jaguars-jakobi-meyers-contract-extension/,2025-12-19 00:54:16+00:00,nytimes
https://www.nytimes.com/2025/12/18/us/trump-venezuela-false-claims-misinformation.html,2025-12-19 00:48:14+00:00,nytimes
https://www.nytimes.com/2025/12/18/nyregion/nyc-street-vendor-permits-cap-raised.html,2025-12-19 00:48:09+00:00,nytimes
https://www.nytimes.com/es/2025/12/18/espanol/estilos-de-vida/pareja-concierto-coldplay-pantalla.html,2025-12-19 00:44:06+00:00,nytimes
https://www.nytimes.com/2025/12/18/nyregion/mamdani-city-council-housing.html,2025-12-19 00:43:40+00:00,nytimes
https://www.nytimes.com/athletic/6899642/2025/12/18/plane-crash-greg-biffle-nascar-driver/,2025-12-19 00:27:44+00:00,nytimes
https://www.nytimes.com/athletic/6899454/2025/12/18/kevin-garnett-timberwolves-off-court-role/,2025-12-19 00:24:56+00:00,nytimes
https://www.nytimes.com/athletic/6900144/2025/12/18/greg-biffle-nascar-career-photos/,2025-12-19 00:18:00+00:00,nytimes
https://www.nytimes.com/athletic/6900802/2025/12/18/milan-como-serie-a-perth-australia/,2025-12-19 00:16:07+00:00,nytimes
https://www.nytimes.com/athletic/6894620/2025/12/18/fantasy-football-injuries-inactives-cheat-sheet-week-16/,2025-12-19 00:12:34+00:00,nytimes
https://www.nytimes.com/athletic/6892575/2025/12/17/rams-davante-adams-hamstring-injury/,2025-12-19 00:10:24+00:00,nytimes
https://www.nytimes.com/athletic/6900593/2025/12/18/wnba-players-association-strike-authorization/,2025-12-18 23:55:05+00:00,nytimes
https://www.nytimes.com/athletic/6898441/2025/12/18/samson-nacua-arrested-adou-thiero-lakers/,2025-12-18 23:47:21+00:00,nytimes
https://www.nytimes.com/athletic/6900960/2025/12/18/chiefs-moving-to-kansas-arrowhead-new-stadium/,2025-12-18 23:46:34+00:00,nytimes
https://www.nytimes.com/2025/12/18/us/politics/trump-kennedy-center-name.html,2025-12-18 23:38:58+00:00,nytimes
https://www.nytimes.com/2025/12/18/world/middleeast/un-refugee-agency-barham-salih-iraq.html,2025-12-18 23:37:37+00:00,nytimes
https://www.nytimes.com/2025/12/18/business/john-e-olson-dead.html,2025-12-18 23:37:27+00:00,nytimes
https://www.nytimes.com/2025/12/18/briefing/trump-gender-related-treatments-brown-shooting-investigation.html,2025-12-18 23:34:54+00:00,nytimes
https://www.nytimes.com/2025/12/18/us/politics/robert-garcia-epstein.html,2025-12-18 23:33:53+00:00,nytimes
https://www.nytimes.com/2025/12/18/nyregion/city-council-community-safety-mamdani.html,2025-12-18 23:20:42+00:00,nytimes
https://www.nytimes.com/athletic/6901049/2025/12/18/cubs-tyler-austin-contract/,2025-12-18 23:20:11+00:00,nytimes
https://www.nytimes.com/athletic/6901081/2025/12/18/rams-seahawks-preview-nfc-nfl-scoop-city/,2025-12-18 23:16:48+00:00,nytimes
https://www.nytimes.com/athletic/6896858/2025/12/17/patrick-mahomes-injury-travis-kelce-chiefs/,2025-12-18 23:14:29+00:00,nytimes
https://www.nytimes.com/2025/12/18/business/energy-environment/factorial-electric-vehicle-battery-spac.html,2025-12-18 23:14:07+00:00,nytimes
https://www.nytimes.com/athletic/6897180/2025/12/18/nfl-trends-week-16-acl-tear-comebacks-brady-peterson/,2025-12-18 23:08:57+00:00,nytimes
https://www.nytimes.com/2025/12/18/business/nike-earnings-converse.html,2025-12-18 23:04:46+00:00,nytimes
https://www.nytimes.com/2025/12/18/nyregion/blakeman-trump-fox-news.html,2025-12-18 22:51:37+00:00,nytimes
https://www.nytimes.com/2025/12/18/health/trump-gender-affirming-care-funding.html,2025-12-18 22:50:56+00:00,nytimes
https://www.nytimes.com/athletic/6900101/2025/12/18/dinosaur-footprints-near-milan-cortina-olympic-sites/,2025-12-18 22:27:44+00:00,nytimes
https://www.nytimes.com/2025/12/18/business/trump-immigrants-trucks.html,2025-12-18 22:27:08+00:00,nytimes
https://www.nytimes.com/2025/12/18/us/statesville-plane-crash-north-carolina.html,2025-12-18 22:23:27+00:00,nytimes
https://www.nytimes.com/2025/12/18/world/europe/uk-ambassador-us-turner.html,2025-12-18 22:22:58+00:00,nytimes
https://www.nytimes.com/2025/12/18/arts/music/jelly-roll-pardon-tennessee.html,2025-12-18 22:20:54+00:00,nytimes
https://www.nytimes.com/2025/12/17/us/politics/trump-presidential-walk-of-fame-white-house.html,2025-12-18 22:17:21+00:00,nytimes
https://www.nytimes.com/2025/12/18/books/sue-bender-dead.html,2025-12-18 22:14:47+00:00,nytimes
https://www.nytimes.com/2025/12/18/nyregion/mamdani-resigns-antisemitic-da-costa.html,2025-12-18 22:13:52+00:00,nytimes
https://www.nytimes.com/2025/12/18/us/politics/tren-de-aragua-venezuela-gang.html,2025-12-18 22:13:11+00:00,nytimes
https://www.nytimes.com/athletic/6900518/2025/12/18/greg-biffle-legacy-nascar-hurricane-helene/,2025-12-18 22:12:32+00:00,nytimes
https://www.nytimes.com/es/2025/12/18/espanol/mundo/trump-buques-venezuela-siria.html,2025-12-18 22:12:22+00:00,nytimes
https://www.nytimes.com/athletic/6899328/2025/12/18/rory-mcilroy-bbc-sports-personality-golf/,2025-12-18 22:11:33+00:00,nytimes
https://www.nytimes.com/athletic/6900594/2025/12/18/nwsl-players-association-opposes-new-star-player-rule-change-proposal/,2025-12-18 22:10:41+00:00,nytimes
https://www.nytimes.com/2025/12/17/world/canada/canada-population-decline-immigration.html,2025-12-18 22:08:24+00:00,nytimes
https://www.nytimes.com/2025/12/18/dining/make-ahead-christmas-brunch-menu.html,2025-12-18 22:07:59+00:00,nytimes
https://www.nytimes.com/2025/12/18/opinion/justin-trudeau-katy-perry-couple.html,2025-12-18 22:06:17+00:00,nytimes
https://www.nytimes.com/2025/12/18/dining/the-second-annual-where-to-eaties.html,2025-12-18 21:57:39+00:00,nytimes
https://www.nytimes.com/2025/12/18/world/europe/france-anesthesiologist-fatal-poisoning.html,2025-12-18 21:57:10+00:00,nytimes
https://www.nytimes.com/athletic/6900667/2025/12/18/nfl-week-16-odds-projected-scores-point-spreads-totals/,2025-12-18 21:56:29+00:00,nytimes
https://www.nytimes.com/athletic/6900477/2025/12/18/brian-smith-ohio-university-football-affair/,2025-12-18 21:55:17+00:00,nytimes
https://www.nytimes.com/athletic/6900603/2025/12/18/nick-saban-jmu-college-football-playoff-mcafee/,2025-12-18 21:47:30+00:00,nytimes
https://www.nytimes.com/interactive/2025/12/18/us/trump-policy-impact-tariffs-healthcare-immigration-affordability.html,2025-12-18 21:39:31+00:00,nytimes
https://www.nytimes.com/athletic/6899582/2025/12/18/tarik-skubal-paul-skenes-team-usa-rotation-wbc-2026/,2025-12-18 21:36:08+00:00,nytimes
https://www.nytimes.com/2025/12/18/us/palo-alto-billionaire-compound-law.html,2025-12-18 21:32:35+00:00,nytimes
https://www.nytimes.com/athletic/6897073/2025/12/17/puka-nacua-rams-adin-ross-live-stream-refs/,2025-12-18 21:21:10+00:00,nytimes
https://www.nytimes.com/athletic/6897097/2025/12/18/quarterback-tiers-2025-mahomes-burrow-lamar-jackson/,2025-12-18 21:20:51+00:00,nytimes
https://www.nytimes.com/athletic/6894180/2025/12/18/nfl-playoff-races-week-16-rams-seahawks-bears-packers/,2025-12-18 21:20:44+00:00,nytimes
https://www.nytimes.com/athletic/6894779/2025/12/18/nfl-week-16-picks-predictions-betting-2025/,2025-12-18 21:20:34+00:00,nytimes
https://www.nytimes.com/athletic/6894693/2025/12/18/rams-seahawks-playoffs-davante-adams-injury-jsn-record/,2025-12-18 21:20:28+00:00,nytimes
https://www.nytimes.com/athletic/6895083/2025/12/18/rams-seahawks-thursday-night-football/,2025-12-18 21:20:23+00:00,nytimes
https://www.nytimes.com/athletic/6900841/2025/12/18/texas-will-mushchamp-defensive-coordinator/,2025-12-18 21:20:14+00:00,nytimes
https://www.nytimes.com/athletic/6900434/2025/12/18/adin-ross-puka-nacua-livestream/,2025-12-18 21:20:08+00:00,nytimes
https://www.nytimes.com/athletic/6899526/2025/12/18/jacques-martin-ottawa-senators-ring-honour/,2025-12-18 21:19:36+00:00,nytimes
https://www.nytimes.com/athletic/6877567/2025/12/18/nfl-color-commentary-rankings-brady-aikman-olsen-romo/,2025-12-18 21:19:08+00:00,nytimes
https://www.nytimes.com/interactive/2025/12/18/realestate/dallas-fort-worth-texas-homes-sale.html,2025-12-18 21:18:02+00:00,nytimes
https://www.nytimes.com/2025/12/18/arts/rob-reiner-north-movie.html,2025-12-18 21:16:36+00:00,nytimes
https://www.nytimes.com/athletic/6899487/2025/12/18/wnba-cba-breanna-stewart-adam-silver/,2025-12-18 21:15:40+00:00,nytimes
https://www.nytimes.com/2025/12/18/movies/avatar-fire-and-ash-review.html,2025-12-18 21:13:52+00:00,nytimes
https://www.nytimes.com/athletic/6894435/2025/12/18/washington-capitals-retool-chris-patrick/,2025-12-18 21:12:58+00:00,nytimes
https://www.nytimes.com/2025/12/18/nyregion/gilgo-beach-mother-baby-murder.html,2025-12-18 21:11:33+00:00,nytimes
https://www.nytimes.com/athletic/6900678/2025/12/18/missouri-state-smu-casey-woods-coach/,2025-12-18 21:09:42+00:00,nytimes
https://www.nytimes.com/2025/12/18/business/trump-media-tae-technologies-fusion-power-deal.html,2025-12-18 21:08:55+00:00,nytimes
https://www.nytimes.com/2025/12/18/business/dealbook/lovable-a-start-up-that-makes-anyone-a-coder-raises-330-million.html,2025-12-18 20:59:48+00:00,nytimes
https://www.nytimes.com/athletic/6893960/2025/12/18/ny-giants-misery-brian-daboll-jaxson-dart-misery/,2025-12-18 20:57:47+00:00,nytimes
https://www.nytimes.com/athletic/6898227/2025/12/18/cowboys-mailbag-pickens-eberflus-nfl-draft/,2025-12-18 20:54:25+00:00,nytimes
https://www.nytimes.com/athletic/6900166/2025/12/18/puka-nacua-apology-rams-adin-ross-stream/,2025-12-18 20:52:42+00:00,nytimes
https://www.nytimes.com/athletic/6898610/2025/12/18/bears-stadium-site-kevin-warren-packers/,2025-12-18 20:48:50+00:00,nytimes
https://www.nytimes.com/es/2025/12/17/espanol/estados-unidos/fortuna-epstein-investigacion.html,2025-12-18 20:45:49+00:00,nytimes
https://www.nytimes.com/2025/12/18/dining/ski-chalets.html,2025-12-18 20:44:45+00:00,nytimes
https://www.nytimes.com/2025/12/18/nyregion/atlantic-city-mayor-not-guilty.html,2025-12-18 20:38:16+00:00,nytimes
https://www.nytimes.com/athletic/6900778/2025/12/18/pistons-vs-mavericks-stream-how-to-watch-dec-18/,2025-12-18 20:37:02+00:00,nytimes
https://www.nytimes.com/athletic/6900773/2025/12/18/kings-vs-trail-blazers-stream-how-to-watch-dec-18/,2025-12-18 20:36:19+00:00,nytimes
https://www.nytimes.com/athletic/6900770/2025/12/18/heat-vs-nets-stream-how-to-watch-dec-18/,2025-12-18 20:35:43+00:00,nytimes
https://www.nytimes.com/athletic/6898119/2025/12/18/brandon-aiyuk-49ers-zach-wilson-mailbag/,2025-12-18 20:35:31+00:00,nytimes
https://www.nytimes.com/athletic/6900767/2025/12/18/lakers-vs-jazz-stream-how-to-watch-dec-18/,2025-12-18 20:35:28+00:00,nytimes
https://www.nytimes.com/athletic/6900765/2025/12/18/rangers-vs-blues-stream-how-to-watch-dec-18/,2025-12-18 20:34:46+00:00,nytimes
https://www.nytimes.com/athletic/6900760/2025/12/18/warriors-vs-suns-stream-how-to-watch-dec-18/,2025-12-18 20:34:07+00:00,nytimes
https://www.nytimes.com/athletic/6900755/2025/12/18/clippers-vs-thunder-stream-how-to-watch-dec-18/,2025-12-18 20:33:22+00:00,nytimes
https://www.nytimes.com/athletic/6900753/2025/12/18/rockets-vs-pelicans-stream-how-to-watch-dec-18/,2025-12-18 20:33:18+00:00,nytimes
https://www.nytimes.com/athletic/6900750/2025/12/18/flyers-vs-sabres-stream-how-to-watch-dec-18/,2025-12-18 20:32:24+00:00,nytimes
https://www.nytimes.com/athletic/6900748/2025/12/18/stars-vs-sharks-stream-how-to-watch-dec-18/,2025-12-18 20:32:20+00:00,nytimes
https://www.nytimes.com/athletic/6900743/2025/12/18/raptors-vs-bucks-stream-how-to-watch-dec-18/,2025-12-18 20:31:44+00:00,nytimes
https://www.nytimes.com/athletic/6900741/2025/12/18/kraken-vs-flames-stream-how-to-watch-dec-18/,2025-12-18 20:31:15+00:00,nytimes
https://www.nytimes.com/athletic/6900732/2025/12/18/magic-vs-nuggets-stream-how-to-watch-dec-18/,2025-12-18 20:30:12+00:00,nytimes
https://www.nytimes.com/athletic/6900721/2025/12/18/cal-poly-vs-usc-stream-how-to-watch-dec-18/,2025-12-18 20:28:44+00:00,nytimes
https://www.nytimes.com/athletic/6900714/2025/12/18/albany-vs-vanderbilt-stream-how-to-watch-dec-18/,2025-12-18 20:27:48+00:00,nytimes
https://www.nytimes.com/athletic/6894530/2025/12/18/nfl-draft-2026-alabama-oklahoma-ty-simpson/,2025-12-18 20:27:46+00:00,nytimes
https://www.nytimes.com/athletic/6900711/2025/12/18/wizards-vs-spurs-stream-how-to-watch-dec-18/,2025-12-18 20:27:07+00:00,nytimes
https://www.nytimes.com/2025/12/18/movies/cover-up-review-seymour-hersh.html,2025-12-18 20:26:29+00:00,nytimes
https://www.nytimes.com/2025/12/18/realestate/housing-market-near-nyc.html,2025-12-18 20:24:43+00:00,nytimes
https://www.nytimes.com/athletic/6900675/2025/12/18/southern-vs-baylor-stream-how-to-watch-dec-18/,2025-12-18 20:20:41+00:00,nytimes
https://www.nytimes.com/2025/12/17/us/australia-hate-speech-legislation.html,2025-12-18 20:16:02+00:00,nytimes
https://www.nytimes.com/2025/12/18/realestate/leanne-fords-cozy-sunroom-has-an-old-soul.html,2025-12-18 20:14:56+00:00,nytimes
https://www.nytimes.com/athletic/6900597/2025/12/18/clubs-agent-fees-record-fifa-report/,2025-12-18 20:13:47+00:00,nytimes
https://www.nytimes.com/2025/12/18/nyregion/olde-good-things-antiques.html,2025-12-18 20:10:56+00:00,nytimes
https://www.nytimes.com/2025/12/18/opinion/trump-obama-drone-strikes-illegal.html,2025-12-18 20:07:12+00:00,nytimes
https://www.nytimes.com/2025/12/17/weather/wind-power-outages-british-columbia-washington-oregon.html,2025-12-18 20:03:24+00:00,nytimes
https://www.nytimes.com/athletic/6900016/2025/12/18/cowboys-matt-eberflus-defense-coaching-booth/,2025-12-18 20:02:09+00:00,nytimes
https://www.nytimes.com/2025/12/18/us/cardinal-timothy-dolan-archbishop-catholicism.html,2025-12-18 20:00:49+00:00,nytimes
https://www.nytimes.com/2025/12/18/climate/europe-climate-policies.html,2025-12-18 19:59:20+00:00,nytimes
https://www.nytimes.com/athletic/6898328/2025/12/18/nba-expansion-divisions-realignment-adam-silver/,2025-12-18 19:57:43+00:00,nytimes
https://www.nytimes.com/athletic/6894843/2025/12/18/why-does-free-agency-matter-more-in-mlb-than-in-other-sports/,2025-12-18 19:54:25+00:00,nytimes
https://www.nytimes.com/athletic/6900051/2025/12/18/nfl-myles-jack-arrest/,2025-12-18 19:48:58+00:00,nytimes
https://www.nytimes.com/athletic/6899779/2025/12/18/fantasy-basketball-hot-topics-waiver-wire-kd/,2025-12-18 19:47:01+00:00,nytimes
https://www.nytimes.com/athletic/6897297/2025/12/18/nba-expansion-seattle-adam-silver/,2025-12-18 19:45:05+00:00,nytimes
https://www.nytimes.com/2025/12/18/opinion/the-conversation-trump-presidency-anxiety.html,2025-12-18 19:44:55+00:00,nytimes
https://www.nytimes.com/2025/12/18/opinion/bondi-beach-uvalde-parkland-courage.html,2025-12-18 19:35:30+00:00,nytimes
https://www.nytimes.com/2025/12/18/dining/sticky-coconut-chicken-and-rice-one-pot-and-pretty-perfect.html,2025-12-18 19:34:47+00:00,nytimes
https://www.nytimes.com/2025/12/18/nyregion/nyc-food-budgets.html,2025-12-18 19:32:58+00:00,nytimes
https://www.nytimes.com/athletic/6891435/2025/12/18/week-16-nfl-playoff-picture-a-team-by-team-look-at-every-possible-scenario/,2025-12-18 19:32:54+00:00,nytimes
https://www.nytimes.com/2025/12/18/t-magazine/joe-spiro-house.html,2025-12-18 19:30:52+00:00,nytimes
https://www.nytimes.com/2025/12/18/realestate/downsizing-pros-cons.html,2025-12-18 19:30:23+00:00,nytimes
https://www.nytimes.com/2025/12/18/dining/make-ahead-easy-to-transport-christmas-casseroles.html,2025-12-18 19:30:05+00:00,nytimes
https://www.nytimes.com/2025/12/18/world/middleeast/iran-pezeshkian-domestic-foreign-crises.html,2025-12-18 19:25:35+00:00,nytimes
https://www.nytimes.com/2025/12/18/your-money/early-decision-financial-aid-college-university.html,2025-12-18 18:52:16+00:00,nytimes
https://www.nytimes.com/athletic/6897134/2025/12/18/quinn-hughes-wild-hockey-nerd/,2025-12-18 18:50:58+00:00,nytimes
https://www.nytimes.com/athletic/6896750/2025/12/18/eagles-expanding-under-center-offense/,2025-12-18 18:45:18+00:00,nytimes
https://www.nytimes.com/2025/12/18/us/jeffrey-epstein-donald-trump.html,2025-12-18 18:39:46+00:00,nytimes
https://www.nytimes.com/2025/12/17/world/peter-arnett-dead.html,2025-12-18 18:28:02+00:00,nytimes
https://www.nytimes.com/2025/12/18/nyregion/nyc-subway-mta-safety-low-crime.html,2025-12-18 18:23:27+00:00,nytimes
https://www.nytimes.com/athletic/6899797/2025/12/18/dodgers-world-series-posteason-share-amounts/,2025-12-18 18:10:09+00:00,nytimes
https://www.nytimes.com/athletic/6899696/2025/12/18/colombia-football-violence-medellin/,2025-12-18 18:08:28+00:00,nytimes
https://www.nytimes.com/athletic/6899664/2025/12/18/missouri-beau-pribula-enter-transfer-portal/,2025-12-18 18:03:16+00:00,nytimes
https://www.nytimes.com/2025/12/18/us/politics/health-care-gop.html,2025-12-18 17:55:02+00:00,nytimes
https://www.nytimes.com/2025/12/17/dining/dip-for-dinner-holiday-edition.html,2025-12-18 17:46:36+00:00,nytimes
https://www.nytimes.com/athletic/6899917/2025/12/18/college-football-playoff-teams-2025-until-saturday/,2025-12-18 17:45:10+00:00,nytimes
https://www.nytimes.com/interactive/2025/12/17/theater/wicked-movies-broadway-earnings.html,2025-12-18 17:43:53+00:00,nytimes
https://www.nytimes.com/2025/12/17/crosswords/daily-puzzle-2025-12-18.html,2025-12-18 17:39:02+00:00,nytimes
https://www.nytimes.com/2025/12/18/us/politics/dnc-2024-autopsy-democrats-ken-martin.html,2025-12-18 17:34:11+00:00,nytimes
https://www.nytimes.com/2025/12/18/nyregion/zohran-mamdani-sherif-soliman-omb.html,2025-12-18 17:33:12+00:00,nytimes
https://www.nytimes.com/es/2025/12/18/espanol/opinion/regalos-inolvidables-navidad.html,2025-12-18 17:24:57+00:00,nytimes
https://www.nytimes.com/interactive/2025/world/year-in-pictures.html,2025-12-18 17:21:53+00:00,nytimes
https://www.nytimes.com/es/2025/12/18/espanol/estados-unidos/discurso-nacion-trump.html,2025-12-18 17:19:54+00:00,nytimes
https://www.nytimes.com/2025/12/18/world/africa/sudan-rsf-attack-darfur-un.html,2025-12-18 17:17:42+00:00,nytimes
https://www.nytimes.com/athletic/6899724/2025/12/18/gabriel-jesus-title-arsenal-acl-injury/,2025-12-18 17:14:59+00:00,nytimes
https://www.nytimes.com/2025/12/18/us/politics/howard-lutnick-conflicts-inspector-general.html,2025-12-18 17:14:39+00:00,nytimes
https://www.nytimes.com/athletic/6896755/2025/12/18/pep-guardiola-maresca-manchester-city-legacy/,2025-12-18 17:00:46+00:00,nytimes
https://www.nytimes.com/2025/12/18/podcasts/rob-reiner-made-your-favorite-movie.html,2025-12-18 16:58:52+00:00,nytimes
https://www.nytimes.com/es/2025/12/18/espanol/america-latina/trump-petroleo-venezuela.html,2025-12-18 16:50:44+00:00,nytimes
https://www.nytimes.com/athletic/6899400/2025/12/18/plane-crash-government-liability-figure-skaters-olympics/,2025-12-18 16:46:05+00:00,nytimes
https://www.nytimes.com/athletic/6899520/2025/12/18/ncaa-transfer-portal-kalshi-prediction-markets/,2025-12-18 16:43:43+00:00,nytimes
https://www.nytimes.com/athletic/6757612/2025/12/18/josh-irving-basketball-texas-am-eaton-fire/,2025-12-18 16:37:09+00:00,nytimes
https://www.nytimes.com/athletic/6899680/2025/12/18/hawks-vs-hornets-stream-how-to-watch-dec-18/,2025-12-18 16:28:16+00:00,nytimes
https://www.nytimes.com/2025/12/18/nyregion/grant-wood-american-gothic-sketch.html,2025-12-18 16:27:15+00:00,nytimes
https://www.nytimes.com/athletic/6899675/2025/12/18/oilers-vs-bruins-stream-how-to-watch-dec-18/,2025-12-18 16:27:07+00:00,nytimes
https://www.nytimes.com/athletic/6899673/2025/12/18/blackhawks-vs-canadiens-stream-how-to-watch-dec-18/,2025-12-18 16:26:57+00:00,nytimes
https://www.nytimes.com/athletic/6899671/2025/12/18/knicks-vs-pacers-stream-how-to-watch-dec-18/,2025-12-18 16:26:01+00:00,nytimes
https://www.nytimes.com/athletic/6899667/2025/12/18/maple-leafs-vs-capitals-stream-how-to-watch-dec-18/,2025-12-18 16:25:46+00:00,nytimes
https://www.nytimes.com/athletic/6899662/2025/12/18/wild-vs-blue-jackets-stream-how-to-watch-dec-18/,2025-12-18 16:25:16+00:00,nytimes
https://www.nytimes.com/athletic/6899658/2025/12/18/kings-vs-lightning-stream-how-to-watch-dec-18/,2025-12-18 16:24:29+00:00,nytimes
https://www.nytimes.com/athletic/6899654/2025/12/18/penguins-vs-senators-stream-how-to-watch-dec-18/,2025-12-18 16:24:13+00:00,nytimes
https://www.nytimes.com/athletic/6899617/2025/12/18/free-agency-signings-31-year-old-gm-the-windup/,2025-12-18 16:22:35+00:00,nytimes
https://www.nytimes.com/2025/12/17/nyregion/medical-dying-assisted-suicide-hochul.html,2025-12-18 16:22:21+00:00,nytimes
https://www.nytimes.com/live/2025/12/18/business/cpi-inflation-tariffs-fed,2025-12-18 16:21:02+00:00,nytimes
https://www.nytimes.com/2025/12/18/business/economy/inflation-cpi-interest-rates.html,2025-12-18 16:20:00+00:00,nytimes
https://www.nytimes.com/2025/12/18/t-magazine/carsten-holler-carousel-st-moritz.html,2025-12-18 16:17:27+00:00,nytimes
https://www.nytimes.com/2025/12/17/climate/national-center-for-atmospheric-research-trump.html,2025-12-18 16:16:48+00:00,nytimes
https://www.nytimes.com/2025/12/18/dining/nyc-restaurant-prices-luxury-menus.html,2025-12-18 16:15:38+00:00,nytimes
https://www.nytimes.com/athletic/6899616/2025/12/18/south-carolina-vs-south-florida-stream-how-to-watch-dec-18/,2025-12-18 16:15:19+00:00,nytimes
https://www.nytimes.com/athletic/6899614/2025/12/18/norfolk-state-vs-ohio-state-stream-how-to-watch-dec-18/,2025-12-18 16:14:43+00:00,nytimes
https://www.nytimes.com/2025/12/18/business/dealbook/affordability-crisis-trump.html,2025-12-18 16:06:49+00:00,nytimes
https://www.nytimes.com/athletic/6895745/2025/12/18/vancouver-canucks-zeev-buium-quinn-hughes-max-sasson/,2025-12-18 16:00:27+00:00,nytimes
https://www.nytimes.com/athletic/6899515/2025/12/18/the-bounce-nba-expansion-seattle-las-egas-dillon-brooks/,2025-12-18 15:46:49+00:00,nytimes
https://www.nytimes.com/2025/12/18/arts/design/nicole-eisenman-review.html,2025-12-18 15:42:37+00:00,nytimes
https://www.nytimes.com/athletic/6899402/2025/12/18/mlb-offseason-diamondbacks-rays-cardinals-free-agency-trades/,2025-12-18 15:33:46+00:00,nytimes
https://www.nytimes.com/2025/12/18/books/most-saved-books.html,2025-12-18 15:26:13+00:00,nytimes
https://www.nytimes.com/athletic/6896608/2025/12/17/tua-tagovailoa-benched-dolphins-quinn-ewers/,2025-12-18 15:22:44+00:00,nytimes
https://www.nytimes.com/2025/12/18/business/britain-interest-rates-economy.html,2025-12-18 15:22:21+00:00,nytimes
https://www.nytimes.com/athletic/6896751/2025/12/17/quinn-ewers-miami-dolphins/,2025-12-18 15:20:46+00:00,nytimes
https://www.nytimes.com/athletic/6899445/2025/12/18/will-wade-nc-state-cbb/,2025-12-18 15:20:23+00:00,nytimes
https://www.nytimes.com/2025/12/17/science/nasa-jared-isaacman-confirmed-senate.html,2025-12-18 15:17:39+00:00,nytimes
https://www.nytimes.com/athletic/6897793/2025/12/17/dolphins-bench-tua-tagovailoa-aaron-rodgers-giants-titans-raiders/,2025-12-18 15:17:34+00:00,nytimes
https://www.nytimes.com/athletic/6899370/2025/12/18/nba-martha-stewart-jalen-brunson-broken-toe/,2025-12-18 15:11:38+00:00,nytimes
https://www.nytimes.com/athletic/6897881/2025/12/17/micah-parsons-jeff-hafley-packers-sacks/,2025-12-18 15:09:26+00:00,nytimes
https://www.nytimes.com/2025/12/18/us/rob-reiner-family-murder-addiction.html,2025-12-18 14:56:01+00:00,nytimes
https://www.nytimes.com/es/2025/12/18/espanol/estados-unidos/ataque-26-eeuu-mar.html,2025-12-18 14:55:13+00:00,nytimes
https://www.nytimes.com/athletic/6897664/2025/12/18/cfp-quarterback-rankings-fernando-mendoza/,2025-12-18 14:46:22+00:00,nytimes
https://www.nytimes.com/2025/12/18/learning/lesson-plans/ask-a-journalist-reporting-on-youth-trends-with-data-and-graphics.html,2025-12-18 14:43:46+00:00,nytimes
https://www.nytimes.com/athletic/6899053/2025/12/18/west-ham-sack-rehanne-skinner/,2025-12-18 14:39:24+00:00,nytimes
https://www.nytimes.com/card/2025/12/18/nyregion/nyc-hotel-conversion,2025-12-18 14:38:00+00:00,nytimes
https://www.nytimes.com/athletic/6899194/2025/12/18/oliver-rioux-florida-first-basket-dunk/,2025-12-18 14:23:31+00:00,nytimes
https://www.nytimes.com/2025/12/18/us/bishop-ronald-hicks-cardinal-timothy-dolan-archbishop-new-york.html,2025-12-18 14:21:40+00:00,nytimes
https://www.nytimes.com/2025/12/18/movies/counting-crows-have-you-seen-me-lately-review.html,2025-12-18 14:13:12+00:00,nytimes
https://www.nytimes.com/2025/12/17/us/politics/venezuela-blockade-military-escort-trump.html,2025-12-18 14:13:08+00:00,nytimes
https://www.nytimes.com/athletic/6894134/2025/12/18/cooper-flagg-lebron-james-record-nba-mavericks-lakers/,2025-12-18 14:02:04+00:00,nytimes
https://www.nytimes.com/2025/12/18/opinion/trump-judges-attacks-rhetoric.html,2025-12-18 13:56:02+00:00,nytimes
https://www.nytimes.com/athletic/6898554/2025/12/18/chicago-cubs-relief-market-pivot/,2025-12-18 13:51:59+00:00,nytimes
https://www.nytimes.com/athletic/6898963/2025/12/18/mario-pineida-ecuador-footballer-death/,2025-12-18 13:40:34+00:00,nytimes
https://www.nytimes.com/athletic/6894253/2025/12/18/formula-1-team-grades-2025/,2025-12-18 13:40:30+00:00,nytimes
https://www.nytimes.com/athletic/6896965/2025/12/18/fabregas-senegal-diao-afcon-squad-news/,2025-12-18 13:40:24+00:00,nytimes
https://www.nytimes.com/2025/12/17/world/europe/finland-scandal-beauty-queen-china-racist.html,2025-12-18 13:37:17+00:00,nytimes
https://www.nytimes.com/2025/12/18/learning/how-should-parents-talk-to-their-children-about-wealth-inequality.html,2025-12-18 13:31:43+00:00,nytimes
https://www.nytimes.com/2025/12/18/podcasts/the-headlines/trump-address-right-to-die-movement.html,2025-12-18 13:28:38+00:00,nytimes
https://www.nytimes.com/athletic/6897605/2025/12/17/minnesota-twins-tom-pohlad-ownership-developments/,2025-12-18 13:25:38+00:00,nytimes
https://www.nytimes.com/2025/12/17/world/syria-militant-us-venezuela.html,2025-12-18 13:24:37+00:00,nytimes
https://www.nytimes.com/2025/12/17/us/politics/dc-plane-crash-government-liability.html,2025-12-18 13:23:51+00:00,nytimes
https://www.nytimes.com/2025/12/18/us/politics/trump-address-nation-takeaways.html,2025-12-18 13:09:51+00:00,nytimes
https://www.nytimes.com/athletic/6898939/2025/12/18/womens-champions-league-arsenal-chelsea-man-utd/,2025-12-18 13:09:22+00:00,nytimes
https://www.nytimes.com/athletic/6896778/2025/12/18/pep-guardiola-man-city-enzo-maresca/,2025-12-18 13:05:05+00:00,nytimes
https://www.nytimes.com/athletic/6897608/2025/12/18/nebraska-volleyball-merritt-beason/,2025-12-18 13:00:59+00:00,nytimes
https://www.nytimes.com/athletic/6896929/2025/12/18/dodgers-edwin-diaz-teoscar-hernandez/,2025-12-18 13:00:47+00:00,nytimes
https://www.nytimes.com/athletic/6895333/2025/12/18/bucks-doc-rivers-execution-giannis/,2025-12-18 12:59:10+00:00,nytimes
https://www.nytimes.com/athletic/6899030/2025/12/18/maresca-guardiola-manchester-city-vigar-tafc/,2025-12-18 12:53:15+00:00,nytimes
https://www.nytimes.com/athletic/6898801/2025/12/18/julius-randle-timberwolves-loss-memphis/,2025-12-18 12:49:30+00:00,nytimes
https://www.nytimes.com/athletic/6897447/2025/12/18/joel-klatt-tennessee-miami-college-basketball/,2025-12-18 12:42:46+00:00,nytimes
https://www.nytimes.com/athletic/6897729/2025/12/18/chiefs-jaylen-watson-2022-draft-class/,2025-12-18 12:30:02+00:00,nytimes
https://www.nytimes.com/live/2025/12/17/us/rob-nick-reiner-murder-charges,2025-12-18 12:20:42+00:00,nytimes
https://www.nytimes.com/2025/12/18/briefing/is-it-about-the-oil.html,2025-12-18 12:10:57+00:00,nytimes
https://www.nytimes.com/athletic/6895907/2025/12/18/bbc-sports-personality-of-the-year-rory-mcilroy/,2025-12-18 12:05:33+00:00,nytimes
https://www.nytimes.com/athletic/6897672/2025/12/18/ncaa-womens-volleyball-2025-final-four-teams-tv/,2025-12-18 12:03:43+00:00,nytimes
https://www.nytimes.com/athletic/6897565/2025/12/18/yankees-slow-offseason-fans/,2025-12-18 12:01:10+00:00,nytimes
https://www.nytimes.com/athletic/6896819/2025/12/18/blackhawks-connor-bedard-injury-power-rankings/,2025-12-18 12:00:59+00:00,nytimes
https://www.nytimes.com/athletic/6892217/2025/12/18/college-football-playoff-coach-rankings-pressure/,2025-12-18 12:00:59+00:00,nytimes
https://www.nytimes.com/athletic/6897201/2025/12/18/broncos-red-zone-defense-secondary/,2025-12-18 12:00:55+00:00,nytimes
https://www.nytimes.com/athletic/6897014/2025/12/18/oregon-nil-college-football-playoff/,2025-12-18 12:00:53+00:00,nytimes
https://www.nytimes.com/athletic/6898904/2025/12/18/england-australia-outclassed-stokes-ashes/,2025-12-18 12:00:46+00:00,nytimes
https://www.nytimes.com/athletic/6896657/2025/12/18/ty-simpson-alabama-tennessee-martin-coach/,2025-12-18 12:00:18+00:00,nytimes
https://www.nytimes.com/athletic/6897235/2025/12/18/rangers-scoring-offense-mike-sullivan/,2025-12-18 12:00:15+00:00,nytimes
https://www.nytimes.com/athletic/6897995/2025/12/18/blue-jackets-zach-werenski-nhl-leadership/,2025-12-18 12:00:09+00:00,nytimes
https://www.nytimes.com/athletic/6896873/2025/12/18/this-week-in-sports-trivia-december-18-2025/,2025-12-18 12:00:08+00:00,nytimes
https://www.nytimes.com/2025/12/17/world/europe/uk-police-antifada-bondi-shooting-synagogue.html,2025-12-18 11:57:56+00:00,nytimes
https://www.nytimes.com/athletic/6897529/2025/12/18/college-football-playoff-home-stadiums-tickets/,2025-12-18 11:45:10+00:00,nytimes
https://www.nytimes.com/2025/12/18/world/europe/russia-putin-aide-dmitri-kozak-ukraine-war.html,2025-12-18 11:41:08+00:00,nytimes
https://www.nytimes.com/athletic/6898056/2025/12/18/nba-cup-future-banner-las-vegas/,2025-12-18 11:30:58+00:00,nytimes
https://www.nytimes.com/athletic/6898364/2025/12/18/mlb-munetaka-murakami-free-agency-update/,2025-12-18 11:30:40+00:00,nytimes
https://www.nytimes.com/athletic/6898130/2025/12/18/knicks-nba-cup-championship-contenders/,2025-12-18 11:30:39+00:00,nytimes
https://www.nytimes.com/athletic/6897757/2025/12/18/pwhl-expansion-takeover-tour-markets/,2025-12-18 11:30:00+00:00,nytimes
https://www.nytimes.com/athletic/6899072/2025/12/18/vuelta-a-espana-route-madrid-monaco/,2025-12-18 11:28:07+00:00,nytimes
https://www.nytimes.com/athletic/6899022/2025/12/18/robin-van-persie-feyenoord-fans/,2025-12-18 11:23:52+00:00,nytimes
https://www.nytimes.com/athletic/6897150/2025/12/18/nationals-general-manager-31-the-pulse/,2025-12-18 11:18:16+00:00,nytimes
https://www.nytimes.com/athletic/6893871/2025/12/18/jake-paul-boxing/,2025-12-18 11:06:16+00:00,nytimes
https://www.nytimes.com/athletic/6897991/2025/12/18/nba-trade-deadline-okc-thunder-success/,2025-12-18 11:05:07+00:00,nytimes
https://www.nytimes.com/athletic/6897294/2025/12/18/ultimate-front-office-ranking-2025/,2025-12-18 11:05:00+00:00,nytimes
https://www.nytimes.com/athletic/6896994/2025/12/18/tom-brady-nfl-fox-tv-media-2025/,2025-12-18 11:05:00+00:00,nytimes
https://www.nytimes.com/athletic/6898446/2025/12/18/lions-mailbag-playoffs-injuries-dan-campbell/,2025-12-18 11:03:28+00:00,nytimes
https://www.nytimes.com/athletic/6885149/2025/12/18/maple-leafs-injury-disclosure-stolarz-berube/,2025-12-18 11:02:46+00:00,nytimes
https://www.nytimes.com/athletic/6898002/2025/12/18/panthers-bucs-mike-evans-jaycee-horn/,2025-12-18 11:02:40+00:00,nytimes
https://www.nytimes.com/athletic/6898593/2025/12/18/red-wings-utah-mammoth-mclellan-net-front/,2025-12-18 11:02:30+00:00,nytimes
https://www.nytimes.com/athletic/6897308/2025/12/18/vikings-qb-positions-needs-2026-free-agency/,2025-12-18 11:01:59+00:00,nytimes
https://www.nytimes.com/athletic/6894668/2025/12/18/arch-manning-2027-nfl-draft-scouting-report-texas/,2025-12-18 11:00:57+00:00,nytimes
https://www.nytimes.com/athletic/6896982/2025/12/18/blues-fresh-look-stenberg-berggren-fabbri/,2025-12-18 11:00:44+00:00,nytimes
https://www.nytimes.com/athletic/6898389/2025/12/18/rob-reiner-dodgers-baseball-fan-appreciation/,2025-12-18 11:00:43+00:00,nytimes
https://www.nytimes.com/athletic/6896347/2025/12/18/richard-jefferson-nba-leadership-lebron-james-jason-kidd/,2025-12-18 11:00:42+00:00,nytimes
https://www.nytimes.com/athletic/6896444/2025/12/18/college-football-playoff-2025-james-madison-oregon/,2025-12-18 11:00:32+00:00,nytimes
https://www.nytimes.com/athletic/6894852/2025/12/18/team-usa-best-olympic-roster/,2025-12-18 11:00:27+00:00,nytimes
https://www.nytimes.com/athletic/6897427/2025/12/18/wild-quinn-hughes-moritz-seider-norris-trophy/,2025-12-18 11:00:26+00:00,nytimes
https://www.nytimes.com/2025/12/18/podcasts/the-daily/health-care-subsidies-obamacare.html,2025-12-18 11:00:12+00:00,nytimes
https://www.nytimes.com/2025/12/18/crosswords/connections-companion-922.html,2025-12-18 11:00:07+00:00,nytimes
https://www.nytimes.com/2025/12/18/crosswords/wordle-review-1644.html,2025-12-18 11:00:03+00:00,nytimes
https://www.nytimes.com/2025/12/18/crosswords/strands-sidekick-656.html,2025-12-18 11:00:03+00:00,nytimes
https://www.nytimes.com/athletic/6897290/2025/12/18/college-football-playoff-best-players/,2025-12-18 10:55:28+00:00,nytimes
https://www.nytimes.com/athletic/6894858/2025/12/18/mlb-free-agency-history-strike-labor-dispute/,2025-12-18 10:30:37+00:00,nytimes
https://www.nytimes.com/athletic/6897958/2025/12/18/new-york-jets-offseason-draft-free-agency-qb/,2025-12-18 10:30:02+00:00,nytimes
https://www.nytimes.com/athletic/6894551/2025/12/18/best-nba-shooting-teams-rankings-nuggets-thunder-knicks/,2025-12-18 10:30:00+00:00,nytimes
https://www.nytimes.com/athletic/6898826/2025/12/18/after-a-season-on-the-margins-savinho-offers-glimpse-of-his-potential/,2025-12-18 10:25:33+00:00,nytimes
https://www.nytimes.com/athletic/6895886/2025/12/18/premier-league-settled-squad-depth/,2025-12-18 10:06:43+00:00,nytimes
https://www.nytimes.com/interactive/2025/12/18/opinion/focus-group-former-glp1.html,2025-12-18 10:06:09+00:00,nytimes
https://www.nytimes.com/2025/12/18/world/africa/nigeria-lead-factory-closings.html,2025-12-18 10:03:54+00:00,nytimes
https://www.nytimes.com/es/2025/12/18/espanol/ciencia-y-tecnologia/abejas-prehistoricas-convirtieron-huesos-milenarios-en-su-colmenar.html,2025-12-18 10:03:47+00:00,nytimes
https://www.nytimes.com/2025/12/18/magazine/affordability-economy.html,2025-12-18 10:02:34+00:00,nytimes
https://www.nytimes.com/interactive/2025/12/18/travel/things-to-do-san-luis-obispo.html,2025-12-18 10:02:30+00:00,nytimes
https://www.nytimes.com/es/2025/12/18/espanol/cultura/locuras-emperador-aniversario.html,2025-12-18 10:02:23+00:00,nytimes
https://www.nytimes.com/2025/12/18/opinion/communities-fund-camfed-campaign-female-education.html,2025-12-18 10:02:09+00:00,nytimes
https://www.nytimes.com/2025/12/18/arts/music/best-classical-music-albums-of-2025.html,2025-12-18 10:02:09+00:00,nytimes
https://www.nytimes.com/2025/12/18/arts/design/surrealism-100-philadelphia-art-museum.html,2025-12-18 10:02:03+00:00,nytimes
https://www.nytimes.com/2025/12/18/technology/elon-musk-daycare-school.html,2025-12-18 10:01:59+00:00,nytimes
https://www.nytimes.com/2025/12/18/realestate/housing-market-nyc.html,2025-12-18 10:01:50+00:00,nytimes
https://www.nytimes.com/athletic/6897787/2025/12/18/kirk-cousins-falcons-qb-contract-penix/,2025-12-18 10:01:48+00:00,nytimes
https://www.nytimes.com/2025/12/18/arts/television/minnie-driver-emily-in-paris.html,2025-12-18 10:01:43+00:00,nytimes
https://www.nytimes.com/2025/12/18/movies/the-spongebob-movie-search-for-squarepants-review.html,2025-12-18 10:01:38+00:00,nytimes
https://www.nytimes.com/2025/12/18/movies/is-this-thing-on-review.html,2025-12-18 10:01:00+00:00,nytimes
https://www.nytimes.com/2025/12/18/movies/the-housemaid-review-sydney-sweeney-amanda-seyfried.html,2025-12-18 10:00:59+00:00,nytimes
https://www.nytimes.com/2025/12/18/movies/david-review.html,2025-12-18 10:00:57+00:00,nytimes
https://www.nytimes.com/2025/12/18/well/mind/ask-therapist-holidays-divorce-parents-guilt.html,2025-12-18 10:00:49+00:00,nytimes
https://www.nytimes.com/2025/12/18/arts/television/best-tv-episodes-2025.html,2025-12-18 10:00:46+00:00,nytimes
https://www.nytimes.com/2025/12/18/arts/music/britney-spears-sabrina-carpenter-tate-mcrae-addison-rae.html,2025-12-18 10:00:38+00:00,nytimes
https://www.nytimes.com/2025/12/18/arts/music/pentridge-prison-radio-station-albums.html,2025-12-18 10:00:37+00:00,nytimes
https://www.nytimes.com/athletic/6897214/2025/12/18/nba-title-odds-knicks-eastern-conference-winner/,2025-12-18 10:00:30+00:00,nytimes
https://www.nytimes.com/2025/12/18/well/family/estranged-estrangement-advice.html,2025-12-18 10:00:17+00:00,nytimes
https://www.nytimes.com/2025/12/18/books/review/john-darnielle-mountain-goats-this-year-book.html,2025-12-18 10:00:15+00:00,nytimes
https://www.nytimes.com/2025/12/18/travel/jaipur-india-food.html,2025-12-18 10:00:13+00:00,nytimes
https://www.nytimes.com/2025/12/18/books/review/fear-less-tracy-k-smith.html,2025-12-18 10:00:10+00:00,nytimes
https://www.nytimes.com/2025/12/18/climate/noaa-fish-scientist-miami-florida.html,2025-12-18 10:00:05+00:00,nytimes
https://www.nytimes.com/2025/12/17/world/middleeast/israel-gas-deal-egypt.html,2025-12-18 09:19:28+00:00,nytimes
https://www.nytimes.com/2025/12/18/us/politics/trump-taiwan-weapons-sale.html,2025-12-18 08:42:54+00:00,nytimes
https://www.nytimes.com/athletic/6897480/2025/12/18/ashes-england-australia-lyon-cummins-stokes-briefing/,2025-12-18 08:17:49+00:00,nytimes
https://www.nytimes.com/athletic/6896581/2025/12/18/chelsea-stadium-earls-court-planning/,2025-12-18 08:01:52+00:00,nytimes
https://www.nytimes.com/es/2025/12/18/espanol/estados-unidos/melania-trump-pelicula.html,2025-12-18 08:00:35+00:00,nytimes
https://www.nytimes.com/es/2025/12/18/espanol/estilos-de-vida/influenza-h3n2-gripe-nueva-variante.html,2025-12-18 08:00:30+00:00,nytimes
https://www.nytimes.com/es/2025/12/18/espanol/estados-unidos/trump-desnaturalizacion-migracion-ciudadania.html,2025-12-18 08:00:29+00:00,nytimes
https://www.nytimes.com/2025/12/18/learning/flowers-and-candlelight.html,2025-12-18 08:00:17+00:00,nytimes
https://www.nytimes.com/es/2025/12/18/espanol/cultura/mejor-arte-2025.html,2025-12-18 08:00:13+00:00,nytimes
https://www.nytimes.com/2025/12/18/crosswords/spelling-bee-forum.html,2025-12-18 08:00:04+00:00,nytimes
https://www.nytimes.com/2025/12/17/us/trump-tv-white-house-speech-economy.html,2025-12-18 07:56:36+00:00,nytimes
https://www.nytimes.com/athletic/6822771/2025/12/18/antoine-semenyo-manchester-united-transfer-analysis/,2025-12-18 07:45:19+00:00,nytimes
https://www.nytimes.com/athletic/6875333/2025/12/18/strasbourg-stadium-decomissioned-planes/,2025-12-18 07:20:45+00:00,nytimes
https://www.nytimes.com/athletic/6898376/2025/12/18/newcastle-howe-carabao-redemption-sunderland/,2025-12-18 07:13:47+00:00,nytimes
https://www.nytimes.com/2025/12/17/us/brown-shooter-suspect-providence.html,2025-12-18 07:13:39+00:00,nytimes
https://www.nytimes.com/2025/12/18/arts/television/late-night-trump-address.html,2025-12-18 07:07:39+00:00,nytimes
https://www.nytimes.com/2025/12/17/us/politics/american-academy-of-pediatrics-hhs-funding-rfk-jr-vaccines.html,2025-12-18 07:03:40+00:00,nytimes
https://www.nytimes.com/es/2025/12/18/espanol/palabra-del-dia-nominate.html,2025-12-18 07:02:04+00:00,nytimes
https://www.nytimes.com/2025/12/17/us/politics/trump-venezuela-house-vote.html,2025-12-18 07:00:24+00:00,nytimes
https://www.nytimes.com/2025/12/18/learning/word-of-the-day-nominate.html,2025-12-18 07:00:02+00:00,nytimes
https://www.nytimes.com/athletic/6898513/2025/12/17/colorado-buffaloes-basketball-no-fans-allowed-weather/,2025-12-18 06:30:59+00:00,nytimes
https://www.nytimes.com/athletic/6856557/2025/12/18/myostatin-mutation-harry-aikines-aryeetey/,2025-12-18 06:30:06+00:00,nytimes
https://www.nytimes.com/athletic/6897257/2025/12/17/laurene-powell-jobs-wizards-mystics-capitals-monumental-qatar/,2025-12-18 05:43:43+00:00,nytimes
https://www.nytimes.com/2025/12/17/us/reiner-brentwood-mourning-scene.html,2025-12-18 05:41:08+00:00,nytimes
https://www.nytimes.com/athletic/6896468/2025/12/18/milos-kerkez-liverpool-tactics/,2025-12-18 05:30:32+00:00,nytimes
https://www.nytimes.com/athletic/6893456/2025/12/18/west-ham-defensive-problems/,2025-12-18 05:29:31+00:00,nytimes
https://www.nytimes.com/2025/12/17/us/rob-michele-reiner-location-death.html,2025-12-18 05:28:51+00:00,nytimes
https://www.nytimes.com/athletic/6896077/2025/12/18/fantasy-premier-league-fpl-tips-gameweek-17-foden-fernandes/,2025-12-18 05:22:35+00:00,nytimes
https://www.nytimes.com/athletic/6896611/2025/12/18/callum-hudson-odoi-forest-tottenham/,2025-12-18 05:20:09+00:00,nytimes
https://www.nytimes.com/athletic/6896558/2025/12/18/leeds-piroe-farke-premier-league/,2025-12-18 05:19:07+00:00,nytimes
https://www.nytimes.com/athletic/6878133/2025/12/18/africa-cup-of-nations-2025-predictions-winner-players-to-watch-and-more/,2025-12-18 05:10:53+00:00,nytimes
https://www.nytimes.com/athletic/6896317/2025/12/18/barcelona-messi-laporta-elections/,2025-12-18 05:10:23+00:00,nytimes
https://www.nytimes.com/athletic/6895992/2025/12/18/bukayo-saka-arsenal-crossing-space/,2025-12-18 05:05:25+00:00,nytimes
https://www.nytimes.com/2025/12/18/world/birthrates-falling-dont-blame-dogs.html,2025-12-18 05:01:11+00:00,nytimes
https://www.nytimes.com/es/2025/12/18/espanol/mundo/rusia-putin-criticos-disidencia-ucrania.html,2025-12-18 05:01:11+00:00,nytimes
https://www.nytimes.com/athletic/6898482/2025/12/18/connections-sports-edition-hints-for-dec-18-2025/,2025-12-18 05:00:46+00:00,nytimes
https://www.nytimes.com/2025/12/18/business/trump-xi-us-china.html,2025-12-18 05:00:05+00:00,nytimes
https://www.nytimes.com/2025/12/18/pageoneplus/corrections-dec-18-2025.html,2025-12-18 05:00:01+00:00,nytimes
https://www.nytimes.com/2025/12/17/pageoneplus/quote-of-the-day-a-coach-pokes-and-prods-at-every-weakness-to-hone-schwarbers-bat.html,2025-12-18 04:59:00+00:00,nytimes
https://www.nytimes.com/2025/12/17/us/politics/military-4-dead-boat-strike-pacific-ocean.html,2025-12-18 04:54:50+00:00,nytimes
https://www.nytimes.com/athletic/6898466/2025/12/17/anthony-joshua-jake-paul-fight/,2025-12-18 04:50:05+00:00,nytimes
https://www.nytimes.com/athletic/6898654/2025/12/17/doug-gottlieb-pausing-radio-show/,2025-12-18 04:48:24+00:00,nytimes
https://www.nytimes.com/2025/12/17/us/politics/fact-check-trump-economy-address.html,2025-12-18 04:30:53+00:00,nytimes
https://www.nytimes.com/2025/12/17/nyregion/hate-crime-stabbing-chabad.html,2025-12-18 04:18:57+00:00,nytimes
https://www.nytimes.com/2025/12/17/dining/noche-buena-filipino-recipes.html,2025-12-18 04:08:42+00:00,nytimes
https://www.nytimes.com/2025/12/17/us/politics/obamacare-subsidies-house.html,2025-12-18 04:07:17+00:00,nytimes
https://www.nytimes.com/2025/12/17/us/politics/trump-speech-transcript-economy.html,2025-12-18 03:49:13+00:00,nytimes
https://www.nytimes.com/athletic/6898308/2025/12/17/canada-world-juniors-roster-lineup-sweden/,2025-12-18 03:45:05+00:00,nytimes
https://www.nytimes.com/2025/12/17/world/europe/islamic-state-attacks-australia.html,2025-12-18 03:31:44+00:00,nytimes
https://www.nytimes.com/2025/12/17/arts/dinaw-mengestu-pen-america-new-president.html,2025-12-18 02:38:11+00:00,nytimes
https://www.nytimes.com/athletic/6895169/2025/12/17/sophia-wilson-contract-portland-thorns-2026/,2025-12-18 02:27:07+00:00,nytimes
https://www.nytimes.com/athletic/6896560/2025/12/17/womens-champions-league-league-phase/,2025-12-18 02:14:26+00:00,nytimes
https://www.nytimes.com/athletic/6898028/2025/12/17/detroit-lions-stop-booger-flicking-celebrations/,2025-12-18 01:57:56+00:00,nytimes
https://www.nytimes.com/athletic/6898204/2025/12/17/tyler-skaggs-case-angels-might-request-mistrial/,2025-12-18 01:56:32+00:00,nytimes
https://www.nytimes.com/2025/12/17/us/fani-willis-georgia-senate-hearing-trump.html,2025-12-18 01:46:40+00:00,nytimes
https://www.nytimes.com/2025/12/17/us/politics/dan-bongino-steps-down-fbi.html,2025-12-18 01:40:47+00:00,nytimes
https://www.nytimes.com/2025/12/17/us/politics/trump-immigration-citizenship-denaturalization.html,2025-12-18 01:33:45+00:00,nytimes
https://www.nytimes.com/2025/12/17/science/dinosaur-footprints-olympics-italy.html,2025-12-18 01:30:56+00:00,nytimes
https://www.nytimes.com/2025/12/17/us/politics/appeals-court-washington-national-guard.html,2025-12-18 01:30:06+00:00,nytimes
https://www.nytimes.com/athletic/6898004/2025/12/17/jake-pauls-most-valuable-promotions-in-talks-with-sky-sports-for-broadcast-deal-sources/,2025-12-18 01:18:16+00:00,nytimes
https://www.nytimes.com/2025/12/17/us/trump-phone-call-georgia-election.html,2025-12-18 01:18:12+00:00,nytimes
https://www.nytimes.com/2025/12/17/us/politics/hegseth-boat-strike-video.html,2025-12-18 01:11:24+00:00,nytimes
https://www.nytimes.com/2025/12/17/us/politics/trump-address-speech-when-what-time.html,2025-12-18 01:09:49+00:00,nytimes
https://www.nytimes.com/athletic/6897955/2025/12/17/nationals-youth-movement-ani-kilambi-gm/,2025-12-18 00:56:44+00:00,nytimes
https://www.nytimes.com/2025/12/17/nyregion/ghislaine-maxwell-prison-jeffrey-epstein.html,2025-12-18 00:51:57+00:00,nytimes
https://www.nytimes.com/2025/12/17/us/politics/jack-smith-trump-prosecutions-congress.html,2025-12-18 00:48:02+00:00,nytimes
https://www.nytimes.com/2025/12/17/us/politics/senate-defense-bills-air-safety.html,2025-12-18 00:43:15+00:00,nytimes
https://www.nytimes.com/athletic/6897950/2025/12/17/james-harden-injury-calf-out-clippers/,2025-12-18 00:19:51+00:00,nytimes
https://www.nytimes.com/athletic/6897939/2025/12/17/bears-stadium-search-northwest-indiana/,2025-12-18 00:19:48+00:00,nytimes
https://www.nytimes.com/2025/12/17/us/politics/bill-gender-transition-treatments-minors.html,2025-12-18 00:19:06+00:00,nytimes
https://www.nytimes.com/athletic/6897675/2025/12/17/joe-burrow-zac-taylor-bengals-dolphins/,2025-12-18 00:14:39+00:00,nytimes
https://www.nytimes.com/athletic/6897448/2025/12/17/sherrone-moore-michigan-domestic-violence-allegation/,2025-12-18 00:13:33+00:00,nytimes
https://www.nytimes.com/2025/12/17/us/politics/ice-inspections-democrats-congress-lawsuit.html,2025-12-18 00:13:22+00:00,nytimes
https://www.nytimes.com/2025/12/17/us/nick-reiner-arrest-video-gas-station.html,2025-12-18 00:11:15+00:00,nytimes
https://www.nytimes.com/2025/12/17/style/conservatives-engagements-marjorie-taylor-greene-trump-jr.html,2025-12-18 00:02:08+00:00,nytimes
https://www.nytimes.com/2025/12/17/nyregion/sdny-harlem-drug-charges.html,2025-12-17 23:57:22+00:00,nytimes
https://www.nytimes.com/2025/12/17/well/new-flu-variant-symptoms.html,2025-12-17 23:53:11+00:00,nytimes
https://www.nytimes.com/2025/12/17/well/eat/cheese-dementia-study.html,2025-12-17 23:49:51+00:00,nytimes
https://www.nytimes.com/athletic/6897937/2025/12/17/tino-livramento-injury-update-newcastle/,2025-12-17 23:47:45+00:00,nytimes
https://www.nytimes.com/es/2025/12/17/espanol/estados-unidos/dan-bongino-salida-fbi.html,2025-12-17 23:46:01+00:00,nytimes
https://www.nytimes.com/athletic/6897713/2025/12/17/warriors-steve-kerr-jonathan-kuminga-roster/,2025-12-17 23:29:02+00:00,nytimes
https://www.nytimes.com/athletic/6897464/2025/12/17/kenley-jansen-detroit-tigers-closer-500-saves/,2025-12-17 23:28:51+00:00,nytimes
https://www.nytimes.com/2025/12/17/world/americas/trump-venezuela-oil-fields-stolen-claims.html,2025-12-17 23:25:29+00:00,nytimes
https://www.nytimes.com/2025/12/17/us/politics/mark-kelly-defense-department-inquiry.html,2025-12-17 23:25:17+00:00,nytimes
https://www.nytimes.com/2025/12/17/arts/ceal-floyer-dead.html,2025-12-17 23:21:21+00:00,nytimes
https://www.nytimes.com/athletic/6897763/2025/12/17/oscar-bobb-hamstring-injury/,2025-12-17 23:16:41+00:00,nytimes
https://www.nytimes.com/athletic/6896890/2025/12/17/brian-smith-ohio-university-football-coach-fired/,2025-12-17 23:15:44+00:00,nytimes
https://www.nytimes.com/athletic/6896275/2025/12/17/fifa-womens-club-world-cup-january-wsl/,2025-12-17 23:08:04+00:00,nytimes
https://www.nytimes.com/athletic/6897618/2025/12/17/carabao-cup-quarter-final-draw-teams-2025/,2025-12-17 23:03:40+00:00,nytimes
https://www.nytimes.com/2025/12/17/us/politics/trump-retribution-revenge.html,2025-12-17 23:00:56+00:00,nytimes
https://www.nytimes.com/2025/12/17/briefing/the-us-seeks-to-increase-denaturalizations.html,2025-12-17 23:00:30+00:00,nytimes
https://www.nytimes.com/athletic/6897749/2025/12/17/dayne-st-clair-inter-miami-transfer/,2025-12-17 22:57:30+00:00,nytimes
https://www.nytimes.com/athletic/6569621/2025/12/17/penguins-sold-new-owners-nhl-hoffmann/,2025-12-17 22:56:30+00:00,nytimes
https://www.nytimes.com/athletic/6897268/2025/12/17/penguins-sale-hoffmann-family-nhl-fsg/,2025-12-17 22:54:16+00:00,nytimes
https://www.nytimes.com/es/2025/12/17/espanol/estados-unidos/buques-venezuela-armada-trump.html,2025-12-17 22:50:56+00:00,nytimes
https://www.nytimes.com/2025/12/17/opinion/anti-vaccine-influencers.html,2025-12-17 22:48:58+00:00,nytimes
https://www.nytimes.com/athletic/6897781/2025/12/17/cowboys-george-pickens-criticism/,2025-12-17 22:45:12+00:00,nytimes
https://www.nytimes.com/2025/12/17/arts/paddington-bear-musical.html,2025-12-17 22:42:04+00:00,nytimes
https://www.nytimes.com/2025/12/17/t-magazine/james-barnor-photography-moma.html,2025-12-17 22:25:44+00:00,nytimes
https://www.nytimes.com/2025/12/17/style/tiny-modern-love-stories-good-riddance-christmas.html,2025-12-17 22:24:43+00:00,nytimes
https://www.nytimes.com/2025/12/17/us/billy-crystal-larry-david-rob-reiner-statement.html,2025-12-17 22:13:00+00:00,nytimes
https://www.nytimes.com/2025/12/17/us/morgan-geyser-slender-man-release-privileges.html,2025-12-17 22:02:14+00:00,nytimes
https://www.nytimes.com/2025/12/17/opinion/trump-rob-reiner.html,2025-12-17 22:00:05+00:00,nytimes
https://www.nytimes.com/2025/12/17/business/media/oscars-youtube.html,2025-12-17 21:38:56+00:00,nytimes
https://www.nytimes.com/athletic/6897441/2025/12/17/buffalo-sabres-gm-lindy-ruff-kevyn-adams/,2025-12-17 21:31:28+00:00,nytimes
https://www.nytimes.com/athletic/6896797/2025/12/17/nba-expansion-las-vegas-seattle-adam-silver/,2025-12-17 21:29:15+00:00,nytimes
https://www.nytimes.com/athletic/6897515/2025/12/17/dillon-brooks-lesson-learn-ejection-lebron-james/,2025-12-17 21:27:42+00:00,nytimes
https://www.nytimes.com/2025/12/17/movies/christine-choy-dead.html,2025-12-17 21:18:05+00:00,nytimes
https://www.nytimes.com/2025/12/17/weather/california-tule-fog-central-valley.html,2025-12-17 21:13:33+00:00,nytimes
https://www.nytimes.com/2025/12/17/arts/gil-gerard-buck-rogers-dead.html,2025-12-17 21:08:48+00:00,nytimes
https://www.nytimes.com/2025/12/17/us/politics/melania-trump-movie-trailer.html,2025-12-17 21:08:34+00:00,nytimes
https://www.nytimes.com/athletic/6897490/2025/12/17/bears-mailbag-questions-52/,2025-12-17 21:07:31+00:00,nytimes
https://www.nytimes.com/athletic/6896447/2025/12/17/niclas-fullkrug-milan-west-ham/,2025-12-17 20:32:30+00:00,nytimes
https://www.nytimes.com/athletic/6897417/2025/12/17/hurricanes-vs-predators-stream-how-to-watch-dec-17/,2025-12-17 20:29:53+00:00,nytimes
https://www.nytimes.com/athletic/6897406/2025/12/17/cavaliers-vs-bulls-stream-how-to-watch-dec-17/,2025-12-17 20:25:49+00:00,nytimes
https://www.nytimes.com/athletic/6897404/2025/12/17/grizzlies-vs-timberwolves-stream-how-to-watch-dec-17/,2025-12-17 20:25:23+00:00,nytimes
https://www.nytimes.com/athletic/6897402/2025/12/17/mammoth-vs-red-wings-stream-how-to-watch-dec-17/,2025-12-17 20:25:02+00:00,nytimes
https://www.nytimes.com/athletic/6897400/2025/12/17/devils-vs-golden-knights-stream-how-to-watch-dec-17/,2025-12-17 20:24:10+00:00,nytimes
https://www.nytimes.com/athletic/6897398/2025/12/17/jets-vs-blues-stream-how-to-watch-dec-17/,2025-12-17 20:24:07+00:00,nytimes
https://www.nytimes.com/athletic/6897207/2025/12/17/oscars-2029-youtube-nfl-super-bowl/,2025-12-17 20:20:06+00:00,nytimes
https://www.nytimes.com/athletic/6897383/2025/12/17/northwestern-state-vs-texas-stream-how-to-watch-dec-17/,2025-12-17 20:19:50+00:00,nytimes
https://www.nytimes.com/athletic/6897378/2025/12/17/campbell-vs-gonzaga-stream-how-to-watch-dec-17/,2025-12-17 20:19:17+00:00,nytimes
https://www.nytimes.com/athletic/6897263/2025/12/17/brad-stevens-celtics-trade-deadline-buyers/,2025-12-17 20:17:58+00:00,nytimes
https://www.nytimes.com/athletic/6897357/2025/12/17/unc-wilmington-vs-north-carolina-stream-how-to-watch-dec-17/,2025-12-17 20:16:36+00:00,nytimes
https://www.nytimes.com/athletic/6897345/2025/12/17/south-florida-vs-alabama-stream-how-to-watch-dec-17/,2025-12-17 20:14:07+00:00,nytimes
https://www.nytimes.com/athletic/6897126/2025/12/17/chiefs-patrick-mahomes-injury-next-steps/,2025-12-17 20:11:27+00:00,nytimes
https://www.nytimes.com/athletic/6895648/2025/12/17/nfl-week-16-staff-picks-nfc-showdown/,2025-12-17 20:04:47+00:00,nytimes
https://www.nytimes.com/athletic/6896168/2025/12/17/uk-increases-pressure-on-roman-abramovich-to-transfer-2-5bn-from-chelsea-sale-to-ukraine-victims/,2025-12-17 20:00:57+00:00,nytimes
https://www.nytimes.com/2025/12/17/us/politics/boat-strike-video-questions-lawmakers.html,2025-12-17 20:00:29+00:00,nytimes
https://www.nytimes.com/2025/12/17/opinion/trump-ai-chips-nvidia-china.html,2025-12-17 20:00:05+00:00,nytimes
https://www.nytimes.com/2025/12/17/us/politics/harris-trump-dark-money-democrats-republicans.html,2025-12-17 20:00:05+00:00,nytimes
https://www.nytimes.com/2025/12/17/technology/fcc-brendan-carr-senate-hearing.html,2025-12-17 19:56:46+00:00,nytimes
https://www.nytimes.com/athletic/6895958/2025/12/17/nfl-week-16-confidence-picks-texans-raiders/,2025-12-17 19:39:38+00:00,nytimes
https://www.nytimes.com/athletic/6896747/2025/12/17/knicks-nba-cup-championship-banner/,2025-12-17 19:36:46+00:00,nytimes
https://www.nytimes.com/athletic/6896988/2025/12/17/maccabi-tel-aviv-stuttgart-uefa-sanctions/,2025-12-17 19:31:06+00:00,nytimes
https://www.nytimes.com/athletic/6897051/2025/12/17/ny-rangers-gabe-perreault-brennan-othmann/,2025-12-17 19:30:25+00:00,nytimes
https://www.nytimes.com/athletic/6837003/2025/12/17/mlb-brad-keller-free-agency-signing-phillies/,2025-12-17 19:23:36+00:00,nytimes
https://www.nytimes.com/2025/12/17/us/nick-reiner-court-murder-charges.html,2025-12-17 19:23:30+00:00,nytimes
https://www.nytimes.com/athletic/6896780/2025/12/17/nba-cup-final-moving-college-campuses/,2025-12-17 19:21:01+00:00,nytimes
https://www.nytimes.com/es/2025/12/17/espanol/estados-unidos/trump-prohibicion-restricciones-paises.html,2025-12-17 19:18:07+00:00,nytimes
https://www.nytimes.com/2025/12/17/style/marty-supreme-premiere-timothee-chalamet-mamdani.html,2025-12-17 19:10:13+00:00,nytimes
https://www.nytimes.com/2025/12/17/business/auto-lender-fraud.html,2025-12-17 19:04:42+00:00,nytimes
https://www.nytimes.com/athletic/6897060/2025/12/17/worst-f1-predictions-2025-prime-tire/,2025-12-17 19:03:37+00:00,nytimes
https://www.nytimes.com/2025/12/17/us/jake-romy-reiner-family-statement.html,2025-12-17 18:57:12+00:00,nytimes
https://www.nytimes.com/athletic/6896684/2025/12/17/russia-ban-football-fifa-uefa/,2025-12-17 18:55:54+00:00,nytimes
https://www.nytimes.com/athletic/6896916/2025/12/17/netflix-pardon-my-take-podcast-deals/,2025-12-17 18:45:28+00:00,nytimes
https://www.nytimes.com/2025/12/17/us/harvard-morgue-stolen-body-parts.html,2025-12-17 18:42:48+00:00,nytimes
https://www.nytimes.com/athletic/6896418/2025/12/17/fantasy-football-failures-browns-raiders-titans/,2025-12-17 18:36:46+00:00,nytimes
https://www.nytimes.com/es/2025/12/17/espanol/mundo/roma-metro-museos.html,2025-12-17 18:33:48+00:00,nytimes
https://www.nytimes.com/2025/12/17/opinion/patients-doctor-ethical-choice.html,2025-12-17 18:30:06+00:00,nytimes
https://www.nytimes.com/2025/12/17/us/politics/senate-defense-bill-trump-military.html,2025-12-17 18:21:05+00:00,nytimes
https://www.nytimes.com/athletic/6896471/2025/12/17/fantasy-trends-hidden-gems-trade-fallout-two-week-outlook/,2025-12-17 18:18:08+00:00,nytimes
https://www.nytimes.com/2025/12/17/us/politics/ice-arrests-schools.html,2025-12-17 18:09:35+00:00,nytimes
https://www.nytimes.com/athletic/6896579/2025/12/17/2025-year-end-sports-business-moneycall/,2025-12-17 18:08:53+00:00,nytimes
https://www.nytimes.com/2025/12/17/nyregion/new-york-city-affordability.html,2025-12-17 18:02:17+00:00,nytimes
https://www.nytimes.com/card/2025/12/17/arts/editors-recommendations-duster,2025-12-17 18:00:04+00:00,nytimes
https://www.nytimes.com/athletic/6896718/2025/12/17/raptors-mailbag-holiday-submit-question/,2025-12-17 17:59:07+00:00,nytimes
https://www.nytimes.com/athletic/6896769/2025/12/17/celtic-chairman-peter-lawwell-resigns-abuse/,2025-12-17 17:55:21+00:00,nytimes
https://www.nytimes.com/2025/12/17/movies/the-voice-of-hind-rajab-review.html,2025-12-17 17:54:49+00:00,nytimes
https://www.nytimes.com/athletic/6896836/2025/12/17/mls-division-revamp-rivalry-san-jose-lafc-galaxy/,2025-12-17 17:52:17+00:00,nytimes
https://www.nytimes.com/athletic/6896597/2025/12/17/marcus-freeman-notre-dame-nfl-coaching-jobs/,2025-12-17 17:51:40+00:00,nytimes
https://www.nytimes.com/2025/12/17/us/politics/tankers-sanctions-venezuela-oil.html,2025-12-17 17:48:57+00:00,nytimes
https://www.nytimes.com/2025/12/17/world/africa/south-africa-kenya-workers.html,2025-12-17 17:31:36+00:00,nytimes
https://www.nytimes.com/athletic/6808737/2025/12/17/mlb-luke-weaver-free-agency-signing-mets/,2025-12-17 17:29:25+00:00,nytimes
https://www.nytimes.com/2025/12/17/climate/greenpeaces-fight-with-pipeline-giant-exposes-a-legal-loophole.html,2025-12-17 17:25:28+00:00,nytimes
https://www.nytimes.com/2025/12/17/magazine/lover-wife-ethics.html,2025-12-17 17:00:02+00:00,nytimes
https://www.nytimes.com/athletic/6896459/2025/12/17/flyers-playoffs-foerster-injury/,2025-12-17 16:57:59+00:00,nytimes
https://www.nytimes.com/athletic/6893829/2025/12/17/connor-mcdavid-oilers-stat-standings-december-2025/,2025-12-17 16:43:12+00:00,nytimes
https://www.nytimes.com/es/2025/12/17/espanol/estados-unidos/rob-reiner-muerte-detalles.html,2025-12-17 16:34:29+00:00,nytimes
https://www.nytimes.com/athletic/6896146/2025/12/17/premier-league-manager-sack-race-tottenham-liverpool/,2025-12-17 16:33:56+00:00,nytimes
https://www.nytimes.com/athletic/6896689/2025/12/17/kings-vs-panthers-stream-how-to-watch-dec-17/,2025-12-17 16:23:54+00:00,nytimes
https://www.nytimes.com/athletic/6896679/2025/12/17/marquette-vs-uconn-stream-how-to-watch-dec-17/,2025-12-17 16:20:23+00:00,nytimes
https://www.nytimes.com/athletic/6896675/2025/12/17/vanderbilt-vs-memphis-stream-how-to-watch-dec-17/,2025-12-17 16:19:46+00:00,nytimes
https://www.nytimes.com/athletic/6896661/2025/12/17/saint-francis-pa-vs-florida-stream-how-to-watch-dec-17/,2025-12-17 16:17:42+00:00,nytimes
https://www.nytimes.com/athletic/6896654/2025/12/17/mississippi-valley-state-vs-ole-miss-stream-how-to-watch-dec-17/,2025-12-17 16:16:50+00:00,nytimes
https://www.nytimes.com/athletic/6896650/2025/12/17/eastern-kentucky-vs-louisville-stream-how-to-watch-dec-17/,2025-12-17 16:16:34+00:00,nytimes
https://www.nytimes.com/athletic/6895674/2025/12/17/canucks-stats-standings-rebuild-quinn-hughes/,2025-12-17 16:15:02+00:00,nytimes
https://www.nytimes.com/2025/12/17/movies/rob-reiner-comedy-legacy.html,2025-12-17 16:12:50+00:00,nytimes
https://www.nytimes.com/2025/12/17/magazine/baba-au-rhum-savarin-recipe.html,2025-12-17 16:11:39+00:00,nytimes
https://www.nytimes.com/athletic/6896092/2025/12/17/malaysia-friendlies-forfeited-ineligible-players/,2025-12-17 16:02:55+00:00,nytimes
https://www.nytimes.com/athletic/6896389/2025/12/17/browns-devin-bush-not-guilty-arrest/,2025-12-17 15:33:30+00:00,nytimes
https://www.nytimes.com/athletic/6896453/2025/12/17/daichi-kamada-palace-injury-update/,2025-12-17 15:29:18+00:00,nytimes
https://www.nytimes.com/es/2025/12/17/espanol/estados-unidos/ee-uu-envia-cubanos-guantanamo.html,2025-12-17 15:25:36+00:00,nytimes
https://www.nytimes.com/athletic/6896429/2025/12/17/ethan-mcleod-death-wolves-macclesfield/,2025-12-17 15:20:31+00:00,nytimes
https://www.nytimes.com/athletic/5947172/2025/12/17/tennis-players-coaches-relationship-how-choose/,2025-12-17 15:08:24+00:00,nytimes
https://www.nytimes.com/athletic/6896366/2025/12/17/knicks-nba-cup-the-bounce-title/,2025-12-17 15:00:48+00:00,nytimes
https://www.nytimes.com/athletic/6896293/2025/12/17/nba-cup-site-las-vegas-new-home/,2025-12-17 14:54:51+00:00,nytimes
https://www.nytimes.com/athletic/6896280/2025/12/17/cincinnati-basketball-jizzle-james-return/,2025-12-17 14:51:40+00:00,nytimes
https://www.nytimes.com/athletic/6896322/2025/12/17/liverpool-dominik-szoboszlai-injury-update/,2025-12-17 14:33:26+00:00,nytimes
https://www.nytimes.com/athletic/6896084/2025/12/17/sydney-hobart-race-preview/,2025-12-17 14:25:33+00:00,nytimes
https://www.nytimes.com/athletic/6896180/2025/12/17/fifa-world-cup-record-prize-fund/,2025-12-17 14:15:24+00:00,nytimes
https://www.nytimes.com/es/2025/12/17/espanol/cultura/nick-reiner-acusado-asesinato.html,2025-12-17 14:10:12+00:00,nytimes
https://www.nytimes.com/athletic/6895161/2025/12/17/nhl-team-canada-usa-players-olympics/,2025-12-17 14:02:30+00:00,nytimes
https://www.nytimes.com/2025/12/17/style/holiday-etiquette-questions.html,2025-12-17 14:00:03+00:00,nytimes
https://www.nytimes.com/es/2025/12/17/espanol/palabra-del-dia-commensurate.html,2025-12-17 13:41:24+00:00,nytimes
https://www.nytimes.com/es/2025/12/17/espanol/ciencia-y-tecnologia/pumas-pinguinos-patagonia.html,2025-12-17 13:30:27+00:00,nytimes
https://www.nytimes.com/2025/12/17/business/dealbook/paramount-warner-bros-netflix.html,2025-12-17 13:29:13+00:00,nytimes
https://www.nytimes.com/athletic/6895408/2025/12/17/f1-2026-car-modes/,2025-12-17 13:16:04+00:00,nytimes
https://www.nytimes.com/athletic/6895349/2025/12/17/michigan-notre-dame-acc-mandel-mailbag/,2025-12-17 13:00:47+00:00,nytimes
